{
    "$schema": "http://json.schemastore.org/template",
    "author": "Franklin Basa",
    "classifications": [ "Web" ], 
    "name": "Aspnet Core with Angular v6",
    "identity": "platform.core",         
    "groupIdentity":"Core.Api",
    "shortName": "platform",
    "tags": {
      "language": "C#",
      "type":"project"
    },
    "sourceName": "api",
    "preferNameDirectory": true,
    "symbols":{
      "includetest": {
          "type": "parameter",
          "datatype": "bool",
          "defaultValue": "true"
      }
    },
    "sources":[{
      "modifiers": [{
        "condition": "(!includetest)",
        "exclude": [ "tests/**/*"]
        }
      ]
    }]
  }