{
  "$schema": "http://json.schemastore.org/template",
  "name": "Blockcore Coin",
  "author": "Blockcore",
  "classifications": [
    "Blockchain",
    "Cryptocurrency"
  ],
  "identity": "Blockcore.SampleCoin.CSharp",
  "groupIdentity": "Blockcore.SampleCoin",
  "shortName": "blockcorecoin",
  "tags": {
    "language": "C#",
    "type": "project"
  },
  "sourceName": "Blockcore.SampleCoin",
  "preferNameDirectory": true,
  "symbols": {
    "cointicker": {
      "type": "parameter",
      "description": "Replaces coin ticker symbol e.g. 'BTC'. See list: https://github.com/satoshilabs/slips/blob/master/slip-0044.md",
      "replaces": "BLC",
      "defaultValue": "BLC"
    },
    "cointickerLower": {
      "type": "generated",
      "generator": "casing",
      "parameters": {
        "source": "cointicker",
        "toLower": true
      },
      "replaces": "blc"
    },

    "magic": {
      "type": "parameter",
      "description": "Should be in format 'F9-BE-B4-D9' (BTC)",
      "replaces": "02-4B-4C-42",
      "defaultValue": "02-4B-4C-42"
    },

    "port": {
      "type": "parameter",
      "description": "The P2P network port",
      "replaces": "10000",
      "defaultValue": "9333"
    },
    "rpcport": {
      "type": "parameter",
      "description": "The RPC network port",
      "replaces": "10001",
      "defaultValue": "9332"
    },
    "apiport": {
      "type": "parameter",
      "description": "The API network port",
      "replaces": "10002",
      "defaultValue": "9331"
    },

    "port-regtest": {
      "type": "parameter",
      "description": "The P2P network port",
      "replaces": "20000",
      "defaultValue": "9333"
    },
    "rpcport-regtest": {
      "type": "parameter",
      "description": "The RPC network port",
      "replaces": "20001",
      "defaultValue": "9332"
    },
    "apiport-regtest": {
      "type": "parameter",
      "description": "The API network port",
      "replaces": "20002",
      "defaultValue": "9331"
    },

    "port-test": {
      "type": "parameter",
      "description": "The P2P network port",
      "replaces": "30000",
      "defaultValue": "9333"
    },
    "rpcport-test": {
      "type": "parameter",
      "description": "The RPC network port",
      "replaces": "30001",
      "defaultValue": "9332"
    },
    "apiport-test": {
      "type": "parameter",
      "description": "The API network port",
      "replaces": "30002",
      "defaultValue": "9331"
    },

    "cointype": {
      "type": "parameter",
      "description": "The BIP-44 number for the coin. See list: https://github.com/satoshilabs/slips/blob/master/slip-0044.md",
      "replaces": "1981",
      "defaultValue": "1981"
    },
    "pubkeyaddress": {
      "type": "parameter",
      "description": "The address prefix. See list: https://en.bitcoin.it/wiki/List_of_address_prefixes",
      "replaces": "222",
      "defaultValue": "25"
    },
    "scriptaddress": {
      "type": "parameter",
      "description": "The script prefix. See list: https://en.bitcoin.it/wiki/List_of_address_prefixes",
      "replaces": "223",
      "defaultValue": "85"
    },
    "secretaddress": {
      "type": "parameter",
      "description": "The script prefix. See list: https://en.bitcoin.it/wiki/List_of_address_prefixes",
      "replaces": "224",
      "defaultValue": "26"
    },
    "pow-reward": {
      "type": "parameter",
      "description": "Block reward for both PoW and PoS.",
      "replaces": "4545",
      "defaultValue": "45"
    },
    "pos-reward": {
      "type": "parameter",
      "description": "Block reward for both PoW and PoS.",
      "replaces": "5555",
      "defaultValue": "55"
    },
    "pos-timestamp-mask": {
      "type": "parameter",
      "description": "",
      "replaces": "0000000F",
      "defaultValue": "0000000F"
    },
    "pos-version": {
      "type": "parameter",
      "description": "",
      "replaces": "4444",
      "defaultValue": "4"
    },
    "premine-reward": {
      "type": "parameter",
      "description": "Premine reward to be given at block 2 to the mining wallet.",
      "replaces": "5000000",
      "defaultValue": "5000000"
    },
    "target-spacing": {
      "type": "parameter",
      "description": "",
      "replaces": "10 * 60",
      "defaultValue": "64"
    },
    "lastpowblock": {
      "type": "parameter",
      "description": "Number of initial Proof-of-Work blocks that the network will accept.",
      "replaces": "12500",
      "defaultValue": "12500"
    },
    "genesistext": {
      "type": "parameter",
      "description": "Unique text for the coinbase.",
      "replaces": "SALES AT U.S. STORES HIT CATASTROPHIC DEPTHS",
      "defaultValue": "SALES AT U.S. STORES HIT CATASTROPHIC DEPTHS"
    },


    "genesis-time-main": {
      "type": "parameter",
      "replaces": "1587118902",
      "defaultValue": "1587118902"
    },
    "genesis-nonce-main": {
      "type": "parameter",
      "replaces": "631024",
      "defaultValue": "631024"
    },
    "genesis-bits-main": {
      "type": "parameter",
      "replaces": "1E0FFFFF",
      "defaultValue": "1E0FFFFF"
    },
    "genesis-pushdata-main": {
      "type": "parameter",
      "replaces": "(byte)42",
      "defaultValue": "(byte)42"
    },
    "genesis-block-hash-main": {
      "type": "parameter",
      "replaces": "00000e8a284c34a684bde165d213f45b4a945a6c15118341d10f9616444dd140",
      "defaultValue": "00000e8a284c34a684bde165d213f45b4a945a6c15118341d10f9616444dd140"
    },
    "genesis-merkle-hash-main": {
      "type": "parameter",
      "replaces": "55e4f7372f1be36fa85860ccb7eb7623c28c0ec8dd348125bba20681b3cb0249",
      "defaultValue": "55e4f7372f1be36fa85860ccb7eb7623c28c0ec8dd348125bba20681b3cb0249"
    },

    "genesis-time-regtest": {
      "type": "parameter",
      "replaces": "1587118950",
      "defaultValue": "1587118950"
    },
    "genesis-nonce-regtest": {
      "type": "parameter",
      "replaces": "41450",
      "defaultValue": "41450"
    },
    "genesis-bits-regtest": {
      "type": "parameter",
      "replaces": "1F00FFFF",
      "defaultValue": "1F00FFFF"
    },
    "genesis-block-hash-regtest": {
      "type": "parameter",
      "replaces": "00008af47a491ddf7251cc05cd48f0272a9cfad8540de9400ea0506850f5ed93",
      "defaultValue": "00008af47a491ddf7251cc05cd48f0272a9cfad8540de9400ea0506850f5ed93"
    },
    "genesis-merkle-hash-regtest": {
      "type": "parameter",
      "replaces": "344960deee772f2b6f8cdc5f6fe86e0fe3146f43430849d8ca5b9b851bdcc58c",
      "defaultValue": "344960deee772f2b6f8cdc5f6fe86e0fe3146f43430849d8ca5b9b851bdcc58c"
    },

    "genesis-time-test": {
      "type": "parameter",
      "replaces": "1587118953",
      "defaultValue": "1587118953"
    },
    "genesis-nonce-test": {
      "type": "parameter",
      "replaces": "4834",
      "defaultValue": "4834"
    },
    "genesis-bits-test": {
      "type": "parameter",
      "replaces": "1F0FFFFF",
      "defaultValue": "1F0FFFFF"
    },
    "genesis-block-hash-test": {
      "type": "parameter",
      "replaces": "0009066a2c5b01b1b5ecb41267ce79a94954b75a5906a83221c587428f1e0bcd",
      "defaultValue": "0009066a2c5b01b1b5ecb41267ce79a94954b75a5906a83221c587428f1e0bcd"
    },
    "genesis-merkle-hash-test": {
      "type": "parameter",
      "replaces": "7d197d7cf32b63e01b1cf0279b5d3c8ed733770284554881038d253b6c34b3a8",
      "defaultValue": "7d197d7cf32b63e01b1cf0279b5d3c8ed733770284554881038d253b6c34b3a8"
    },

    "seeddns1": {
      "type": "parameter",
      "description": "",
      "replaces": "seed1.blc.blockcore.net",
      "defaultValue": "seed1.blc.blockcore.net"
    },
    "seeddns2": {
      "type": "parameter",
      "description": "",
      "replaces": "seed2.blc.blockcore.net",
      "defaultValue": "seed2.blc.blockcore.net"
    },
    "seeddns3": {
      "type": "parameter",
      "description": "",
      "replaces": "seed.blc.blockcore.net",
      "defaultValue": "seed.blc.blockcore.net"
    },
    "seednode1": {
      "type": "parameter",
      "description": "",
      "replaces": "89.10.227.34",
      "defaultValue": "89.10.227.34"
    },
    "seednode2": {
      "type": "parameter",
      "description": "",
      "replaces": "::1",
      "defaultValue": "::1"
    },

    "derivedRename": {
      "type": "derived",
      "description": "Replaces file name and text containing 'SampleCoin'",
      "FileRename": "SampleCoin",
      "replaces": "SampleCoin",
      "valueSource": "name",
      "valueTransform": "AfterLastDot",
      "defaultValue": "CoinName"
    },
    "derivedRenameUpper": {
      "type": "generated",
      "generator": "casing",
      "parameters": {
        "source": "derivedRename",
        "toLower": false
      },
      "replaces": "SAMPLECOIN"
    },
    "derivedRenameLower": {
      "type": "generated",
      "generator": "casing",
      "parameters": {
        "source": "derivedRename",
        "toLower": true
      },
      "replaces": "samplecoin"
    }
  },
  "Forms": {
    "AfterLastDot": {
      "identifier": "replace",
      "pattern": "^.*\\.(?=[^\\.]+$)",
      "replacement": ""
    }
  },
  "guids": [
    "9A19103F-16F7-4668-BE54-9A1E7A4F7556",
    "ED51D950-AFFC-4638-850B-EACACA7756BD",
    "F0DBDAA1-175D-4B90-89BA-F7C9CE46046B",
    "7EFB962A-00F5-4FC5-8416-D2BB1ABA6D20"
  ]
}