{
  "$schema": "http://json.schemastore.org/template",
  "author": "Jason Taylor",
  "classifications": [],
  "name": "Clean Architecture Solution",
  "identity": "Clean.Architecture.Solution.CSharp",
  "groupIdentity": "Clean.Architecture.Solution",
  "shortName": "ca-sln",
  "tags": {
    "language": "C#",
    "type": "project"
  },
  "sourceName": "CleanArchitecture",
  "preferNameDirectory": true,
  "sources": [
    {
      "source": "./",
      "target": "./",
      "exclude": [
        "README.md",
        "**/[Bb]in/**",
        "**/[Oo]bj/**",
        ".template.config/**/*",
        ".vs/**/*",
        "**/*.filelist",
        "**/*.user",
        "**/*.lock.json",
        "**/.git/**",
        "*.nuspec",
        "**/node_modules/**"
      ]
    }
  ]
}