{
    "$schema": "http://json.schemastore.org/template",
    "author": "Yu Zhu",
    "classifications": [ "Common", "Console", "Library" ],
    "identity": "com.zhusmelb.NewTemplate.Library",
    "name": ".NET Core project with unit test",
    "shortName": "yzproj",
    "tags": {
      "language": "C#",
      "type": "project"
    },
    "sourceName": "ZhusLib",
    "preferNameDirectory": true,

    "symbols": {
      "ProjectType": {
        "type": "parameter",
        "defaultValue": "Library",
        "replaces": "yz.ProjectType"
      },
      "TestProject": {
        "type": "parameter",
        "datatype": "bool",
        "defaultValue": "true"
      },
      "IsExe": {
        "type": "computed",
        "value": "(ProjectType == \"Exe\")"
      }
    },
    "sources": [
      {
        "modifiers": [
          {
            "condition": "!TestProject",
            "exclude": [ "ZhusLib.Test/**/*" ]
          }
        ]
      }
    ]
  }