{
  "$schema": "http://json.schemastore.org/template",
  "author": "Me",
  "classifications": [ "Common", "Scaffold" ],
  "identity": "ARC-Scaffold",
  "name": "ARC-Scaffold",
  "shortName": "arc-create",
  "sourceName": "ARC-Scaffold",
  "symbols": {
    "title": {
      "type": "parameter",
      "defaultValue": "research project",
      "replaces": "titlePlaceHolder"
    },
    "authorFirstName": {
      "type": "parameter",
      "defaultValue": "Max",
      "replaces": "authorFirstNamePlaceHolder"
    },
    "authorLastName": {
      "type": "parameter",
      "defaultValue": "Mustermann",
      "replaces": "authorLastNamePlaceHolder"
    },
    "description": {
      "type": "parameter",
      "defaultValue": "arc",
      "replaces": "descriptionPlaceHolder"
    }
  }
}

