{
    "$schema": "http://json.schemastore.org/template",    
    "author": "humhei",
    "classifications": [ "ClassLib" ], 
    "name": "CellScript",
    "identity": "CellScript.Template",         
    "shortName": "CellScript.Template",
    "tags": {
      "language": "F#",
      "type":"project"
    },
    "exclude": [
      "**/*.signature",
      "**/*.nuspec",
      "**/[Content_Types].*",
      "**/_rels/",
      "**/package/",
      "**/paket-files/",
      "**/paket.lock",
      "**/.vs/"
    ],
    "sourceName": "MyProject",
    "preferNameDirectory": true
  }