{
  "$schema": "http://json.schemastore.org/template",
  "author": "Data Juggler",
  "classifications": [ "ClassLibrary", "DataJuggler.DataTier.Net5.ItemTemplates.BlazorDataServices", "BlazorDataServices", "DataTier.Net5.ItemTemplates.BlazorDataServices", "C#9" ],
  "identity": "DataJuggler.DataTier.Net5.ItemTemplates.BlazorDataServices",
  "name": "DataJuggler.DataTier.Net.ItemTemplates.BlazorDataServices",
  "shortName": "DataTier.Net5.ItemTemplates.BlazorDataServices",
  "tags": {
    "language": "C#",
    "type": "item"
  }
}