{
  "$schema": "http://json.schemastore.org/template",
  "author": "Krzysztof Tutak",
  "classifications": ["Web", "WebAPI"],
  "name": "Clean Architecture Template [Web API]",
  "identity": "Clean.Architecture.Template.NetCoreApp",
  "shortName": "cleanarch",
  "tags": {
    "language": "C#",
    "type": "project"
  },
  "sourceName": "CleanArchitectureTemplate",
  "preferNameDirectory": true,
  "primaryOutputs": [
    {
      "path": "CleanArchitectureTemplate.sln"
    }
  ],
  "symbols": {
    "docker": {
      "type": "parameter",
      "datatype": "bool",
      "description": "If specified, creates Dockerfile, .dockerignore, and appsettings.docker.json files.",
      "defaultValue": "false"
    },
    "docker-compose": {
      "type": "parameter",
      "datatype": "bool",
      "description": "If specified, creates docker-compose scripts for selected infrastructure elements (MongoDB, etc.). The --docker option is required, otherwise no scripts will be generated.",
      "defaultValue": "false"
    },
    "git": {
      "type": "parameter",
      "datatype": "bool",
      "description": "If specified, creates Git repository and .gitignore file.",
      "defaultValue": "false"
    },
    "gitignore": {
      "type": "parameter",
      "datatype": "bool",
      "description": "If specified, creates .gitignore file.",
      "defaultValue": "false"
    },
    "postgres": {
      "type": "parameter",
      "datatype": "bool",
      "description": "If specified, adds PostgreSQL to the solution.",
      "defaultValue": "false"
    },
    "projects": {
      "type": "parameter",
      "datatype": "bool",
      "description": "Creates projects: Api, Application, Core, and Infrastructure.",
      "defaultValue": "true"
    },
    "mongo": {
      "type": "parameter",
      "datatype": "bool",
      "description": "If specified, adds MongoDB to the solution.",
      "defaultValue": "false"
    },
    "shared": {
      "type": "parameter",
      "datatype": "bool",
      "description": "If specified, creates shared project.",
      "defaultValue": "false"
    },
    "skipRestore": {
      "type": "parameter",
      "datatype": "bool",
      "description": "If specified, skips the automatic restore of the project on create.",
      "defaultValue": "false"
    },
    "sln": {
      "type": "parameter",
      "datatype": "bool",
      "description": "Creates an sln file and add projects to it.",
      "defaultValue": "true"
    },
    "swagger": {
      "type": "parameter",
      "datatype": "bool",
      "description": "If specified, adds the Swagger documentation to the solution.",
      "defaultValue": "false"
    },
    "tests": {
      "type": "parameter",
      "datatype": "bool",
      "description": "Creates test projects: EndToEnd, Integration, and Unit. (NUnit by default)",
      "defaultValue": "true"
    },
    "xunit": {
      "type": "parameter",
      "datatype": "bool",
      "description": "If specified, creates test projects: EndToEnd, Integration, and Unit based on the XUnit Framework.",
      "defaultValue": "false"
    }
  },
  "sources": [
    {
      "modifiers": [
        {
          "exclude": [
            "assets/**",
            ".vscode/**",
            ".github/**",
            ".vs/**",
            ".git/**",
            "LICENSE.md",
            "README.md"
          ]
        },
        {
          "condition": "(!mongo)",
          "exclude": ["scripts/compose/api-mongo.yml"]
        },
        {
          "condition": "(!postgres)",
          "exclude": [
            "scripts/compose/api-postgres-pgadmin.yml",
            "scripts/compose/postgres-pgadmin.yml",
            "scripts/create-migration.sh",
            "scripts/install_dotnet-ef_cli.sh",
            "scripts/remove-migration.sh",
            "scripts/revert-migration.sh"
          ]
        },
        {
          "condition": "(!mongo || !postgres)",
          "exclude": ["scripts/compose/api-postgres-pgadmin-mongo.yml"]
        },
        {
          "condition": "(!docker-compose)",
          "exclude": ["scripts/compose/**/*"]
        },
        {
          "condition": "(!docker)",
          "exclude": [
            "Dockerfile",
            ".dockerignore",
            "src/CleanArchitectureTemplate.Api/appsettings.docker.json",
            "scripts/compose/**/*"
          ]
        },
        {
          "condition": "(!gitignore && !git)",
          "exclude": [".gitignore"]
        },
        {
          "condition": "(!projects)",
          "exclude": ["src/**/*", "scripts/start-api.sh"]
        },
        {
          "condition": "(mongo || postgres)",
          "exclude": [
            "src/CleanArchitectureTemplate.Infrastructure/Repositories/**/*",
            "src/CleanArchitectureTemplate.Infrastructure/Queries/**/*"
          ]
        },
        {
          "condition": "(!postgres)",
          "exclude": [
            "src/CleanArchitectureTemplate.Infrastructure/Persistence/EF/**/*",
            "src/CleanArchitectureTemplate.Infrastructure/Persistence/Postgres/**/*",
            "src/CleanArchitectureTemplate.Infrastructure/Persistence/Types/**/*"
          ]
        },
        {
          "condition": "(!mongo)",
          "exclude": [
            "src/CleanArchitectureTemplate.Infrastructure/Persistence/Mongo/**/*"
          ]
        },
        {
          "condition": "(!sln)",
          "exclude": ["CleanArchitectureTemplate.sln"]
        },
        {
          "condition": "(!shared)",
          "exclude": [
            "src/CleanArchitectureTemplate.Shared/**/*",
            "src/CleanArchitectureTemplate.Infrastructure/Persistence/Postgres/CleanArchitectureTemplateDbContext.cs"
          ]
        },
        {
          "condition": "(shared)",
          "exclude": [
            "src/CleanArchitectureTemplate.Core/BuildingBlocks/**/*",
            "src/CleanArchitectureTemplate.Core/Exceptions/DomainException.cs",
            "src/CleanArchitectureTemplate.Core/Exceptions/InvalidTypedIdException.cs",
            "src/CleanArchitectureTemplate.Core/Exceptions/BusinessRuleValidationException.cs",
            "src/CleanArchitectureTemplate.Application/Exceptions/ApplicationException.cs",
            "src/CleanArchitectureTemplate.Infrastructure/Exceptions/InfrastructureException.cs",
            "src/CleanArchitectureTemplate.Application/Services/IDispatcher.cs",
            "src/CleanArchitectureTemplate.Infrastructure/Services/Dispatcher.cs"
          ]
        },
        {
          "condition": "(shared && !postgres)",
          "exclude": [
            "src/CleanArchitectureTemplate.Shared/Infrastructure/Persistence/EF/**/*",
            "src/CleanArchitectureTemplate.Shared/Infrastructure/Persistence/Types/**/*"
          ]
        },
        {
          "condition": "(shared && postgres)",
          "exclude": [
            "src/CleanArchitectureTemplate.Infrastructure/Persistence/EF/**/*",
            "src/CleanArchitectureTemplate.Infrastructure/Persistence/Types/**/*"
          ],
          "include": [
            "src/CleanArchitectureTemplate.Infrastructure/Persistence/Postgres/CleanArchitectureTemplateDbContext.cs"
          ]
        },
        {
          "condition": "(!swagger)",
          "exclude": [
            "src/CleanArchitectureTemplate.Infrastructure/Swagger/**/*"
          ]
        },
        {
          "condition": "(!tests)",
          "exclude": ["tests/**/*"]
        }
      ]
    }
  ],
  "postActions": [
    {
      "condition": "(git)",
      "description": "Creates an empty Git repository. \nRunning 'git init'",
      "actionId": "3A7C4B45-1F5D-4A30-959A-51B88E82B5D2",
      "manualInstructions": [{ "text": "Run 'git init' command." }],
      "args": {
        "executable": "git",
        "args": "init"
      },
      "continueOnError": true
    },
    {
      "condition": "(git)",
      "description": "Running 'git add .'",
      "actionId": "3A7C4B45-1F5D-4A30-959A-51B88E82B5D2",
      "manualInstructions": [{ "text": "Run 'git add .' command." }],
      "args": {
        "executable": "git",
        "args": "add ."
      },
      "continueOnError": true
    },
    {
      "condition": "(git)",
      "description": "Running 'git commit -m \"Initial commit\"'",
      "actionId": "3A7C4B45-1F5D-4A30-959A-51B88E82B5D2",
      "manualInstructions": [
        { "text": "Run 'git commit -m \"Initial commit\"' command." }
      ],
      "args": {
        "executable": "git",
        "args": "commit -m \"Initial commit\""
      },
      "continueOnError": true
    },
    {
      "condition": "(!skipRestore)",
      "description": "Restore NuGet packages required by projects. \nRunning 'dotnet restore'...",
      "manualInstructions": [{ "text": "Run 'dotnet restore'." }],
      "actionId": "210D431B-A78B-4D2F-B762-4ED3E3EA9025",
      "continueOnError": true
    }
  ]
}
