{
  "$schema": "http://json.schemastore.org/template",
  "author": "Me",
  "classifications": [ "Common", "Scaffold" ],
  "identity": "ARC-Computation",
  "name": "ARC-Computation",
  "shortName": "arc-computation",
  "sourceName": "ARC-Computation",
  "postActions": [
    {
      "actionId": "3A7C4B45-1F5D-4A30-959A-51B88E82B5D2",
      "args": {
        "executable": "addEntry.cmd",
        "args": "",
        "redirectStandardOutput": "false"
      },
      "manualInstructions": [
        {
          "text": "Run 'addEntry.cmd'"
        }
      ],
      "continueOnError": false,
      "description ": "Add computation name to investigation file"
    }
  ]
}

