{
    "$schema": "http://json.schemastore.org/template",
    "author": "Adam Adoptante",
    "classisfications": [ "Web" ],
    "name": "AMS.StarterWeb",
    "shortName": "amsweb",
    "tags": {
        "language": "C#"
    },
    "sourceName": "AMS.StarterWeb",
    "preferNameDirectory": true,
    "primaryOutputs": [
        { "path": "AMS.StarterWeb.csproj" }
    ],
    "symbols": {
        "copyrightName": {
            "type": "parameter",
            "defaultValue": "John Smith",
            "replaces": "Automotive Management Services"
        },
        "SkipRestore": {
          "type": "parameter",
          "datatype": "bool",
          "description": "Skips the execution of 'dotnet restore' on project creation.",
          "defaultValue": "false"
        },
        "AddWebpack": {
            "type": "parameter",
            "datatype": "bool",
            "defaultValue": "false"
        }
    },
    "title": {
        "type": "parameter",
        "defaultValue": "Hello Web",
        "replaces": "AMS Starter Web"
    },
    "postActions": [
        {
          "actionId": "210D431B-A78B-4D2F-B762-4ED3E3EA9025",
          "condition": "(!SkipRestore)",
          "continueOnError": true,
          "description": "Restore NuGet packages required by this project.",
          "manualInstructions": [
            { "text": "Run 'dotnet restore' in the directory the template was created in." }
          ]
        }
    ],
    "sources": [
        {
            "modifiers": [
                {
                    "condition": "(!AddWebpack)",
                    "exclude": [
                        "Client/**/*",
                        "webpack.config.js",
                        "package.webpack.json"
                    ]
                },
                {
                    "condition": "(AddWebpack)",
                    "rename": {
                        "package.webpack.json": "package.json"
                    },
                    "exclude": [
                        "package.json"
                    ]
                }
            ]
        }
    ]
}