{
  "$schema": "http://json.schemastore.org/template",
  "tags": {
    "language": "C#",
    "type": "project"
  },
  "author": "Envobi",
  "classifications": [ "actionETL", "Console", "ETL" ],
  "identity": "actionETL.console.csharp",
  "name": "actionETL C# console project",
  "shortName": "actionetl.console",
  "sourceName": "actionetl.console.csharp",
  "sources": [
    {
      "modifiers": [
        {
          "exclude": [ "**/.vs/**" ]
        },
        {
          "condition": "(Framework < \"net2\" || Framework >= \"net5\")",
          "exclude": "app.config"
        }
      ]
    }
  ],
  "symbols": {
    "Framework": {
      "type": "parameter",
      "description": "The target framework for the project.",
      "datatype": "choice",
      "choices": [
        {
          "choice": "net461",
          "description": "Target .NET Framework 4.6.1"
        },
        {
          "choice": "net462",
          "description": "Target .NET Framework 4.6.2"
        },
        {
          "choice": "net47",
          "description": "Target .NET Framework 4.7"
        },
        {
          "choice": "net471",
          "description": "Target .NET Framework 4.7.1"
        },
        {
          "choice": "net472",
          "description": "Target .NET Framework 4.7.2"
        },
        {
          "choice": "net48",
          "description": "Target .NET Framework 4.8"
        },
        {
          "choice": "netcoreapp2.1",
          "description": "Target .NET Core 2.1"
        },
        {
          "choice": "netcoreapp2.2",
          "description": "Target .NET Core 2.2"
        },
        {
          "choice": "netcoreapp3.0",
          "description": "Target .NET Core 3.0"
        },
        {
          "choice": "netcoreapp3.1",
          "description": "Target .NET Core 3.1"
        },
        {
          "choice": "net5.0",
          "description": "Target .NET 5.0"
        }
      ],
      "replaces": "netcoreapp3.1",
      "defaultValue": "netcoreapp3.1"
    },
    "FullFramework": {
      "type": "computed",
      "value": "(Framework >= \"net2\" && Framework < \"net5\")"
    },
    "HostIdentifier": {
      "type": "bind",
      "binding": "HostIdentifier"
    }
  },
  "primaryOutputs": [
    { "path": "actionetl.console.csharp.csproj" },
    {
      "condition": "(HostIdentifier != \"dotnetcli\" && HostIdentifier != \"dotnetcli-preview\")",
      "path": "Program.cs"
    }
  ]
}