﻿{
  "$schema": "http://json.schemastore.org/template",
  "author": "Brad McDavid",
  "classifications": [ "NuGet", "Episerver" ],
  "tags": {
    "language": "C#"
  },
  "identity": "bmcdavid.NuGetTemplate.EpiserverPackage",
  "name": "Episerver Package Template",
  "shortName": "epipackage",
  "postActions": [
    {
      "actionId": "3A7C4B45-1F5D-4A30-959A-51B88E82B5D2",
      "args": {
        "executable": "setup.cmd",
        "args": "EpiserverTemplate"
      },
      "manualInstructions": [
        {
          "text": "Run 'setup.cmd'"
        }
      ],
      "continueOnError": true,
      "description ": "setups the project by calling setup.cmd"
    }
  ]
}