{
  "$schema": "http://json.schemastore.org/template",
  "author": "Olivier Lefebvre",
  "classifications": [ "RedisQueues" ],
  "name": "RedisQueues",
  "identity": "RedisQueues", // Unique name for this template
  "shortName": "redisqueues", // Short name that can be used on the cli
  "tags": {
    "language": "C#" // Specify that this template is in C#.
  },
  "sourceName": "Aguacongas.RedisQueue.Template", // Will replace the string 'Ch.Ne.ApiTemplate' with the value provided via -n.
  "preferNameDirectory": true,
  "sources": [
    {
      "modifiers": [
        {
          "exclude": [ ".vs/**", ".git/**" ]
        }
      ]
    }
  ]
}
