{
  "$schema": "http://json.schemastore.org/template",
  "author": "Kevin Schneider",
  "classifications": [ "DataVisualization", "React", "Dash", "ASP.NET" ],
  "tags": {
    "language": "F#",
    "type": "project"
  },
  "identity": "Dash.NET.Template",
  "name": "Dash.NET Template",
  "shortName": "dash",
  "sourceName": "Dash.NET.Template",
  "postActions": [
    {
      "condition": "(OS != \"Windows_NT\")",
      "description": "Make scripts executable",
      "manualInstructions": [ { "text": "Run 'chmod +x *.sh'" } ],
      "actionId": "cb9a6cf3-4f5c-4860-b9d2-03a574959774",
      "args": {
        "+x": "*.sh"
      },
      "continueOnError": true
    }
  ]
}