{
  "$schema": "http://json.schemastore.org/vs-2017.3.host",
  "order": 0,  
  "icon": "icon.png",
  "symbolInfo": [
    {
      "id": "Title",
      "isVisible": true
    },
    {
      "id": "Description",
      "isVisible": true
    },
    {
      "id": "Author",
      "isVisible": true
    },
    {
      "id": "Contact",
      "isVisible": true
    },
    {
      "id": "EditorConfig",
      "name": {
        "text": "Include .editorconfig File"
      },
      "isVisible": true
    },
    {
      "id": "SourceControl",
      "isVisible": true
    },
    {
      "id": "GitHubUsername",
      "name": {
        "text": "GitHub Username"
      },
      "isVisible": true
    },
    {
      "id": "GitHubProject",
      "name": {
        "text": "GitHub Project"
      },
      "isVisible": true
    },
    {
      "id": "ReadMe",
      "name": {
        "text": "Include README.md File"
      },
      "isVisible": true
    },
    {
      "id": "TreatWarningsAsErrors",
      "name": {
        "text": "Treat Warnings As Errors"
      },
      "isVisible": true
    },
    {
      "id": "Swagger",
      "isVisible": true
    },
    {
      "id": "Versioning",
      "isVisible": true
    },
    {
      "id": "ForwardedHeaders",
      "name": {
        "text": "Forwarded Headers"
      },
      "isVisible": true
    },
    {
      "id": "HostFiltering",
      "name": {
        "text": "Host Filtering"
      },
      "isVisible": true
    },
    {
      "id": "ReverseProxyWebServer",
      "isVisible": true
    },
    {
      "id": "CloudProvider",
      "isVisible": true
    },
    {
      "id": "OpenTelemetry",
      "isVisible": true
    },
    {
      "id": "Analytics",
      "isVisible": true
    },
    {
      "id": "ApplicationInsightsKey",
      "name": {
        "text": "Application Insights Key"
      },
      "isVisible": true
    },
    {
      "id": "HttpsEverywhere",
      "name": {
        "text": "HTTPS"
      },
      "isVisible": true
    },
    {
      "id": "HstsPreload",
      "name": {
        "text": "HSTS Preload"
      },
      "isVisible": true
    },
    {
      "id": "CORS",
      "isVisible": true
    },
    {
      "id": "ResponseCaching",
      "name": {
        "text": "Response Caching"
      },
      "isVisible": true
    },
    {
      "id": "ResponseCompression",
      "name": {
        "text": "Response Compression"
      },
      "isVisible": true
    },
    {
      "id": "XmlFormatter",
      "isVisible": true
    },
    {
      "id": "HealthCheck",
      "name": {
        "text": "Health Check"
      },
      "isVisible": true
    },
    {
      "id": "RobotsTxt",
      "name": {
        "text": "Include robots.txt File"
      },
      "isVisible": true
    },
    {
      "id": "SecurityTxt",
      "name": {
        "text": "Include security.txt File"
      },
      "isVisible": true
    },
    {
      "id": "HumansTxt",
      "name": {
        "text": "Include humans.txt File"
      },
      "isVisible": true
    },
    {
      "id": "IntegrationTest",
      "name": {
        "text": "Integration Test"
      },
      "isVisible": true
    },
    {
      "id": "StyleCop",
      "isVisible": true
    },
    {
      "id": "Docker",
      "isVisible": true
    },
    {
      "id": "GitHubActions",
      "name": {
        "text": "GitHub Actions"
      },
      "isVisible": true
    },
    {
      "id": "seEnabled",
      "name": {
        "text": "SE Layer Enabled"
      },
      "isVisible": true
    },
    {
      "id": "feEnabled",
      "name": {
        "text": "FE Layer Enabled"
      },
      "isVisible": true
    },
    {
      "id": "meEnabled",
      "name": {
        "text": "ME Layer Enabled"
      },
      "isVisible": true
    },
    {
      "id": "beEnabled",
      "name": {
        "text": "BE Layer Enabled"
      },
      "isVisible": true
    },
    {
      "id": "ifeEnabled",
      "name": {
        "text": "IFE Layer Enabled"
      },
      "isVisible": true
    }
  ]
}
