{
  "$schema": "http://json.schemastore.org/template",
  "author": "Tiqri Amx",
  "classifications": [
    "Web"
  ],
  "name": "AESA APIs",
  "description": "A layered solution for the aesa projects.",  
  "identity": "aesa.api",
  "shortName": "aesa-apis",
  "defaultName": "AESAApiSolution1",
  "tags": {
    "language": "C#",
    "type": "project"
  },
  "sourceName": "AESAApiSolution",
  "preferNameDirectory": true,
  "guids": [
    "113f2d04-69f0-40c3-8797-ba3f356dd812"
  ],
  "primaryOutputs": [
    { "path": "AESAApiSolution.sln" }
  ],
  "sources": [
    {
      "modifiers": [       
        {
          "condition": "(!seEnabled)",
          "exclude": [
            "Source/SE/AESAApiSolution.SE.API/*",
            "Source/SE/AESAApiSolution.SE.API/**/*"   
          ]
        },
        {
          "condition": "(!feEnabled)",
          "exclude": [
            "Source/FE/AESAApiSolution.FE.API/*",
            "Source/FE/AESAApiSolution.FE.API/**/*"   
          ]
        },
        {
          "condition": "(!meEnabled)",
          "exclude": [
            "Source/ME/AESAApiSolution.ME.API/*",
            "Source/ME/AESAApiSolution.ME.API/**/*"   
          ]
        },
        {
          "condition": "(!beEnabled)",
          "exclude": [
            "Source/BE/AESAApiSolution.BE.API/*",
            "Source/BE/AESAApiSolution.BE.API/**/*"   
          ]
        },
        {
          "condition": "(!ifeEnabled)",
          "exclude": [
            "Source/IFE/AESAApiSolution.IFE.API/*",
            "Source/IFE/AESAApiSolution.IFE.API/**/*"   
          ]
        }
      ]
    }
  ],
  "symbols": {
    "seEnabled": {
      "type": "parameter",
      "datatype": "bool",
      "description": "Enabled SE Layer",
      "defaultValue": "true"
    },
    "feEnabled": {
      "type": "parameter",
      "datatype": "bool",
      "description": "Enabled FE Layer",
      "defaultValue": "true"
    },
    "meEnabled": {
      "type": "parameter",
      "datatype": "bool",
      "description": "Enabled ME Layer",
      "defaultValue": "true"
    },
    "beEnabled": {
      "type": "parameter",
      "datatype": "bool",
      "description": "Enabled BE Layer",
      "defaultValue": "true"
    },
    "ifeEnabled": {
      "type": "parameter",
      "datatype": "bool",
      "description": "Enabled IFE Layer",
      "defaultValue": "true"
    }
  }
}