{
  "$schema": "http://json.schemastore.org/template",
  "identity": "CodeGeneration.Roslyn.Templates.MetapackageProjects",
  "author": "Amadeusz Sadowski",
  "classifications": [
    "SourceGen",
    "Plugin"
  ],
  "name": "CodeGeneration.Roslyn Plugin projects (whole set)",
  "shortName": "cgrplugin",
  "tags": {
    "language": "C#",
    "type": "other"
  },
  "sourceName": "SourceGenerator",
  "preferNameDirectory": false,
  "symbols": {
    "sdkFromSource": {
      "type": "parameter",
      "description": "Use CG.R Sdks from local source files instead of nuget.",
      "datatype": "bool",
      "defaultValue": "false"
    },
    "cgr-version": {
      "type": "parameter",
      "description": "CodeGeneration.Roslyn toolset version to use in references, such as PackageReference.",
      "datatype": "text",
      "replaces": "$(LocalNuGetVersion)",
      "defaultValue": "0.7.63"
    },
    "sln": {
      "type": "parameter",
      "description": "True to create solution file referencing all created projects",
      "datatype": "bool",
      "defaultValue": "false"
    }
  },
  "sources": [
    {
      "modifiers": ""
    }
  ]
}