{
  "$schema": "http://json.schemastore.org/template",
  "author": "databinding.gmbh",
  "classifications": ["Library"],
  "name": "BDD SpecFlow Blogsample Template",
  "shortName": "bddsample",
  "defaultName": "bdd.AcceptanceTests",
  "identity": "bdd.specflow.blogsample.template",
  "tags": {
    "language": "C#",
    "type": "project",
  },
  "sourceName": "BDD.BeispielVorlage",
  "preferNameDirectory": true,
  "symbols": {
    "Framework": {
      "type": "parameter",
      "description": "The target framework for the project.",
      "datatype": "choice",
      "choices": [
		{
          "choice": "netcoreapp3.1",
          "description": "Target netcoreapp3.1"
        },
        {
          "choice": "net5.0",
          "description": "Target net5.0"
        }
      ],
      "replaces": "net5.0",
      "defaultValue": "net5.0"
    }
  }
}