{
  "author": "Sazzad Hossain",
    "classifications": ["asp.net"],
    "name": "bqAdmin Kit",
    "tags": {
        "language": "C#"
    },
    "identity": "binaryquest.admin",
    "shortName": "bqadmin",
    "sourceName": "BinaryQuest",
    "guids": [
        "{41F47D3C-C9E4-45D1-A289-3BDC31E44C19}",
        "{980FBE34-066B-4E87-AFC9-C3205844D980}",
        "{FD448FB5-B24B-4CD2-8E3C-2500CF0E4601}",
        "{D8FC665A-7739-4ADE-85E9-C69AA107EEE6}",
        "{92D25D7D-F637-4634-B939-BB38DE53B606}",
        "{5D52EDF7-47B8-48D2-83B6-104B18568CE4}",
        "{12E171B1-0F36-401A-A171-614F1A1C83E9}",
        "{7A4597AE-2C39-4197-94C9-F5B6B45B2106}"

    ],
    "primaryOutputs": [{
            "path": "BinaryQuest.App.Data\\BinaryQuest.App.Data.csproj"
        },
        {
            "path": "BinaryQuest.App.Web\\BinaryQuest.App.Web.csproj"
        }        
    ],
    "exclude": ["**/[Bb]in/**", "**/[Oo]bj/**", "**/node_modules/**", ".template.config/**/*", "**/*.lock.json"]
  }