{
  "author": "Romain Doutreloux",
  "classifications": [ "Web" ],
  "name": "Azendoo Service Template",
  "identity": "Azendoo.Service.Template", // Unique name for this template
  "shortName": "az-template", // Short name that can be used on the cli
  "tags": {
    "language": "C#" // Specify that this template is in C#.
  },
  "sourceName": "Azendoo.Service.Template", // Will replace the string 'Sayedha.StarterWeb' with the value provided via -n.
  "preferNameDirectory": "true",
  "symbols": {
    "serviceName": {
      "type": "parameter",
      "defaultValue": "Foo",
      "replaces": "ServiceName",
      "FileRename": "ServiceName"
    },
    "dbAddress": {
      "type": "parameter",
      "defaultValue": "192.168.5.66",
      "replaces": "{DbAddress}"
    },
    "port": {
      "type": "parameter",
      "defaultValue": "4000",
      "replaces": "{Port}"
    },
    "serviceNameLower": {
      "type": "generated",
      "generator": "casing",
      "parameters": {
        "source": "serviceName",
        "toLower": true
      },
      "replaces": "ServiceNameLower"
    }
  }
}