{
    "$schema": "http://json.schemastore.org/template",
    "author": "Cofoundry",
    "classifications": [ "Web", "MVC", "CMS" ],
	"defaultName": "CofoundryApplication1",
    "identity": "Cofoundry.Templates.Web",
    "name": "Cofoundry Web",
    "shortName": "cofoundry-web",
	"tags": {
		"language": "C#",
		"type": "project"
	},
	"sourceName": "Cofoundry.Templates.Web",
	"preferNameDirectory": "true",
	"symbols": {
		"HttpPortGenerated": {
		  "type": "generated",
		  "generator": "port",
		  "replaces": "8080"
		},
	
		"HttpsPortGenerated": {
		  "type": "generated",
		  "generator": "port",
		  "parameters": {
			"low": 44300,
			"high": 44399
		  },
		  "replaces": "44300"
		},
	}
}