{
  "$schema": "http://json.schemastore.org/template",
  "author": "seayxu",
  "classifications": [ "Web/WebAPI" ],
  "identity": "Choas.WebApi.Templates",
  "name": "Choas WebApi Templates with ABP Framework",
  "shortName": "choaswebapi",
  "preferNameDirectory": true,
  "sourceName": "AbpTemplate",
  "tags": {
    "language": "C#",
    "type": "project"
  },
  "exclude":[ ".git/**/*", ".vs/**/*", "**/[Bb]in/**", "**/[Oo]bj/**", ".template.config/**/*", "**/*.filelist", "**/*.user", "**/*.lock.json" ]
}