{
  "$schema": "http://json.schemastore.org/template",
  "author": "Data Juggler",
  "classifications": [ "ClassLibrary", "DataJuggler.DataTier.Net.Core.ItemTemplates.BlazorDataServices", "BlazorDataServices", "DataTier.Net.Core.ItemTemplates.BlazorDataServices", "C#8" ],
  "identity": "DataJuggler.DataTier.Net.Core.ItemTemplates.BlazorDataServices",
  "name": "DataJuggler.DataTier.Net.Core.ItemTemplates.BlazorDataServices",
  "shortName": "DataTier.Net.Core.ItemTemplates.BlazorDataServices",
  "tags": {
    "language": "C#",
    "type": "item"
  }
}