{
  "$schema": "http://json.schemastore.org/template",
  "author": "Datamart",
  "classifications": [
    "AWS",
    "Serverless"
  ],
  "name": "Datamart Template Service",
  "shortName": "datamart.service.template",
  "identity": "Datamart.Service.Template",
  "tags": {
    "language": "C#",
    "type": "project"
  },
  "sourceName": "DatamartServiceTemplate",
  "preferNameDirectory": true,
  "symbols": {
    "service": {
      "type": "parameter",
      "defaultValue": "service",
      "replaces": "{service}",
      "datatype": "text",
      "isRequired": true,
      "description": "Nombre del servicio (repo)"
    },
    "serviceIdentifier": {
      "type": "parameter",
      "defaultValue": "ServiceIdentifier",
      "replaces": "{service-identifier}",
      "datatype": "text",
      "isRequired": true,
      "description": "Identificador del servicio (public)"
    },
    "serviceName": {
      "type": "parameter",
      "defaultValue": "ServiceName",
      "fileRename": "ServiceName",
      "replaces": "ServiceName",
      "datatype": "text",
      "isRequired": true,
      "description": "Nombre del servicio (puede coincidir con el serviceIdentifier)"
    }
  }
}