{
  "$schema": "http://json.schemastore.org/template",
  "author": "ajayojha",
  "classifications": [
    "Web",
    "WebAPI"
  ],
  "name": "Clean Architecture Of ASP.NET Core Web API ",
  "generatorVersions": "[1.0.0.0-*)",
  "description": "A template solution for building RESTful API's with good design patterns and practices for enterprise application.",
  "groupIdentity": "RxWeb.Web.WebApi",
  "precedence": "6000",
  "identity": "RxWeb.Web.WebApi.CSharp.3.1",
  "shortName": "rxwebapi",
  "tags": {
    "language": "C#",
    "type": "project"
  },
  "sourceName": "CleanArchitecture",
  "preferNameDirectory": true,
  "guids": [
    "09732173-2cef-46b7-83db-1334bcb079d3",
    "53bc9b9d-9d6a-45d4-8429-2a2761773502" 
  ],
  "defaultName": "CleanArchitecture",
  "primaryOutputs": [
    {
      "path": "CleanArchitecture.Api\\CleanArchitecture.Api.csproj"
    },
    {
      "path": "CleanArchitecture.BoundedContext\\CleanArchitecture.BoundedContext.csproj"
    },
    {
      "path": "CleanArchitecture.Infrastructure\\CleanArchitecture.Infrastructure.csproj"
    },
	{
      "path": "CleanArchitecture.Models\\CleanArchitecture.Models.csproj"
    },
    {
      "path": "CleanArchitecture.UnitOfWork\\CleanArchitecture.UnitOfWork.csproj"
    },
	{
      "path": "CleanArchitecture.Domain\\CleanArchitecture.Domain.csproj"
    }
  ],
  "postActions": [
    {
      "condition": "(!skipRestore)",
      "description": "Restore NuGet packages required by this project.",
      "manualInstructions": [
        {
          "text": "Run 'dotnet restore'"
        }
      ],
      "actionId": "210D431B-A78B-4D2F-B762-4ED3E3EA9025",
      "continueOnError": true
    }
  ]
}