{
    "$schema": "http://json.schemastore.org/template",
    "author": "Paulo H Abreu",
    "classifications": [ "API", "ASP.NET Core", "BLiP" ],
    "identity": "Blip.Template.DigitalEmployee",
    "name": "BLiP Template - Digital Employee",
    "shortName": "blip-digitalemployee",
    "tags":{
      "language": "C#" 
    },
    "symbols": {
      "connectionstring":{
        "type": "parameter",
        "datatype": "string",
        "replaces": "digitalemployee-connectionstring",
        "isRequired": true
      },
      "identifier":{
        "type": "parameter",
        "datatype": "string",
        "replaces": "digitalemployee-identifier",
        "defaultValue": ""
      },
      "accesskey":{
        "type": "parameter",
        "datatype": "string",
        "replaces": "digitalemployee-accesskey",
        "defaultValue": ""
      },
      "aks":{
        "type": "parameter",
        "datatype": "string",
        "replaces": "digitalemployee-core",
        "isRequired": true,
        "fileRename": "digitalemployee-core"
      },
      "sonarqube-guid-ui":{
        "type": "generated",
        "generator": "guid",
        "replaces": "sonarqube-guid-ui",
        "parameters": {
          "format":"D"
        }
      },
      "sonarqube-guid-facades":{
        "type": "generated",
        "generator": "guid",
        "replaces": "sonarqube-guid-facade",
        "parameters": {
          "format":"D"
        }
      },
      "sonarqube-guid-models":{
        "type": "generated",
        "generator": "guid",
        "replaces": "sonarqube-guid-model",
        "parameters": {
          "format":"D"
        }
      },
      "sonarqube-guid-services":{
        "type": "generated",
        "generator": "guid",
        "replaces": "sonarqube-guid-services",
        "parameters": {
          "format":"D"
        }
      },
      "sonarqube-guid-tests":{
        "type": "generated",
        "generator": "guid",
        "replaces": "sonarqube-guid-tests",
        "parameters": {
          "format":"D"
        }
      }
    },
    "sourceName": "Blip.DigitalEmployee",
    "preferNameDirectory": true
  }