{
  "$schema": "http://json.schemastore.org/template",
  "tags": {
    "language": "C#",
    "type": "item"
  },
  "author": "Envobi",
  "classifications": [ "actionETL", "ETL" ],
  "identity": "actionETL.addtoproject.csharp",
  "name": "actionETL C# add to project",
  "shortName": "actionetl.addtoproject",
  "sourceName": "actionetl.addtoproject.csharp",
  "sources": [
    {
      "modifiers": [
        {
          "exclude": [ "**/.vs/**", "**/*.csproj" ]
        }
      ]
    }
  ],
  "symbols": {
    "HostIdentifier": {
      "type": "bind",
      "binding": "HostIdentifier"
    }
  },
  "primaryOutputs": [
    { "path": "actionetl.addtoproject.csharp.csproj" },
    {
      "condition": "(HostIdentifier != \"dotnetcli\" && HostIdentifier != \"dotnetcli-preview\")",
      "path": "Etl.cs"
    }
  ],
  "postActions": [
    {
      "description": "Add an actionETL package reference",
      "actionId": "B17581D1-C5C9-4489-8F0A-004BE667B814",
      "ContinueOnError": "false",
      "manualInstructions": [
        {
          "text": "Manually add the actionETL package reference to your project file."
        }
      ],
      "args": {
        "referenceType": "package", // package | project
        "reference": "actionETL",
        "version": "0.38.0",
        "projectFileExtensions": ".csproj"
      }
    }
  ]
}