{
    "$schema": "http://json.schemastore.org/template",
    "author": "Selim Yesilkaya",
    "classifications": [ "Common", "ASP.NET", "Web", "C#9" ],
    "identity": "Boiler.Api",
    "name": "ASP.NET Boilerplate",
    "shortName": "boiler",
    "sourceName": "Boiler",
    "preferNameDirectory": true,
    "tags": {
        "language": "C#",
        "type": "project"
    },
    "sources": [
        {
            "modifiers": [
                {
                    "exclude": [".vs/**",".git/**"]
                }
            ]                   
        }
    ],
    "exclude": [
        "**/[Bb]in/**",
        "**/[Oo]bj/**",
        ".template.config/**/*",
        "**/*.lock.json",
        "modifiers",
    ]
}
