{
  "$schema": "http://json.schemastore.org/template",
  "author": "Beef (https://github.com/avanade/beef)",
  "classifications": [ "Beef", "Common", "Library", "Web", "WebAPI", "Console", "Test", "NUnit", "Solution" ],
  "identity": "Beef.Solution",
  "groupIdentity": "Beef",
  "name": "Beef (Business Entity Execution Framework) solution",
  "shortName": "beef",
  "tags": {
    "language": "C#",
    "type": "project"
  },
  "sourceName": "XCompanyX.XAppNameX", // Not acutally used; template uses the below parameters exclusively.
  "preferNameDirectory": true,
  "symbols": {
    "company": {
      "type": "parameter",
      "replaces": "Company",
      "fileRename": "Company",
      "isRequired": true,
      "datatype": "text",
      "description": "The company name 'Company' used to define the namespace etc; e.g. 'Company.AppName'."
    },
    "appname": {
      "type": "parameter",
      "replaces": "AppName",
      "fileRename": "AppName",
      "isRequired": true,
      "datatype": "text",
      "description": "The application (domain) name 'AppName' used to define the namespace etc; e.g. 'Company.AppName'."
    },
    "datasource": {
      "type": "parameter",
      "datatype": "choice",
      "choices": [
        {
          "choice": "Cosmos",
          "description": "Indicates that the data source is Cosmos DB."
        },
        {
          "choice": "Database",
          "description": "Indicates that the data source is a SQL Database accessed via Stored Procedures."
        },
        {
          "choice": "EntityFramework",
          "description": "Indicates that the data source is a SQL Database accessed via Entity Framework Core."
        },
        {
          "choice": "None",
          "description": "Indicates that no data source is to be implemented."
        }
      ],
      "defaultValue": "Database",
      "description": "The data source implementation option."
    },
    "implement_cosmos": {
      "type": "computed",
      "value": "(datasource == \"Cosmos\")"
    },
    "implement_database": {
      "type": "computed",
      "value": "(datasource == \"Database\")"
    },
    "implement_entityframework": {
      "type": "computed",
      "value": "(datasource == \"EntityFramework\")"
    },
    "implement_none": {
      "type": "computed",
      "value": "(datasource == \"None\")"
    },
    "created_date": {
      "type": "generated",
      "generator": "now",
      "parameters": {
        "format": "yyyyMMdd"
      },
      "replaces": "20190101"
    }
  },
  "sources": [
    {
      "modifiers": [
        {
          "condition": "(implement_none)",
          "exclude": [ "Company.AppName.Business/Validation/**/*", "Company.AppName.Business/Data/PersonData.cs" ]
        },
        {
          "condition": "(implement_cosmos || implement_none)",
          "exclude": [ "Company.AppName.Database/**/*" ]
        },
        {
          "condition": "(!implement_entityframework)",
          "exclude": [ "Company.AppName.Business/Data/AppNameEfDb.cs", "Company.AppName.Business/Data/AppNameEfDbContext.cs" ]
        },
        {
          "condition": "(!implement_cosmos)",
          "exclude": [ "Company.AppName.Business/Data/AppNameCosmosDb.cs", "Company.AppName.Test/Cosmos/**/*" ]
        },
        {
          "condition": "(!implement_database && !implement_entityframework)",
          "exclude": [ "Company.AppName.Business/Data/AppNameDb.cs", "Company.AppName.Test/Data/**/*" ]
        }
      ]
    }
  ]
}