{
  "author": "Federico Colombo",
  "classifications": [
    "Web API",
    "Audit.NET"
  ],
  "name": "Audited Web API",
  "identity": "Audit.WebApi.Template",
  "shortName": "webapiaudit",
  "tags": {
    "language": "C#"
  },
  "sourceName": "Audit.WebApi.Template",
  "symbols": {
    "Description": {
      "type": "parameter",
      "datatype": "string",
      "defaultValue": "Audited Web API",
      "replaces": "PROJECT-DESCRIPTION",
      "description": "A description of the project which determines the assembly description."
    },
    "Author": {
      "type": "parameter",
      "datatype": "string",
      "defaultValue": "Federico Colombo",
      "replaces": "PROJECT-AUTHOR",
      "description": "The name of the author of the project which determines the assembly author, company and copyright information."
    },
    "EnableEntityFramework": {
      "type": "parameter",
      "dataType": "bool",
      "defaultValue": "false"
    },
    "Swagger": {
      "type": "parameter",
      "dataType": "bool",
      "defaultValue": "false"
    }

  },
  "sources": [
    {
      "modifiers": [
        {
          "condition": "(!EnableEntityFramework)",
          "exclude": [ "Providers/Database/**/*" ]
        }
      ]
    }
  ]
}