{
  "author": "AXOOM GmbH",
  "classifications": [ "AXOOM", "Web", "Kubernetes" ],
  "name": "AXOOM Service Broker (ASP.NET Core, Docker)",
  "shortName": "axoom-servicebroker",
  "identity": "Axoom.Templates.ServiceBroker",
  "groupIdentity": "Axoom.Templates.ServiceBroker",
  "tags": {
    "language": "C#"
  },
  "sourceName": "MyVendor.ServiceBroker",
  "preferNameDirectory": true,
  "guids": [
    "837BC53E-0271-4E9C-B5B5-C60EA7A7C7B5",
    "113F2D04-69F0-40C3-8797-BA3F356DD812",
    "B74301C8-0759-45FE-BA6C-E832BABE08E5"
  ],
  "symbols": {
    "serviceName": {
      "type": "parameter",
      "dataType": "string",
      "isRequired": true,
      "replaces": "myvendor-servicebroker",
      "fileRename": "myvendor-servicebroker"
    },
    "team": {
      "type": "parameter",
      "dataType": "string",
      "isRequired": true,
      "replaces": "myteam"
    },
    "friendlyName": {
      "type": "parameter",
      "dataType": "string",
      "isRequired": true,
      "replaces": "My Service Broker"
    },
    "description": {
      "type": "parameter",
      "dataType": "string",
      "isRequired": true,
      "replaces": "my description"
    }
  },
  "postActions": [{
    "condition": "(OS != \"Windows_NT\")",
    "description": "Make scripts executable",
    "manualInstructions": [ { "text": "Run 'chmod +x *.sh src/*.sh'" } ],
    "actionId": "cb9a6cf3-4f5c-4860-b9d2-03a574959774",
    "args": { "+x": ["*.sh", "src/*.sh"] },
    "continueOnError": true
  }]
}
