﻿{
  "$schema": "http://json.schemastore.org/template",
  "author": "Tiamo Idzenga",
  "classifications": [
    "C#",
    "Azure",
    "Cloud",
    "Web",
    "ASP.NET"
  ],
  "groupIdentity": "AACapacity.AzureInterfacing.Templates",
  "identity": "AACapacity.AzureInterfacing.Templates.Quickstart",
  "name": "A&A Capacity Azure Interfacing Quickstart Template",
  "shortName": "azure-interface-quickstart",
  "sourceName": "AACapacity.AzureInterfacing.Templates.Quickstart",
  "defaultName": "WebApplication1",
  "preferNameDirectory": true,
  "tags": {
    "language": "C#",
    "type": "project"
  },
  "sources": [
    {
      "modifiers": [
        {
          "condition": "(EnableScheduler == 'false')",
          "exclude": [
            "**/Jobs/**"
          ]
        }
      ]
    }
  ],
  "symbols": {
    "SubscriptionId": {
      "type": "parameter",
      "description": "Subscription ID of Azure Subscription.",
      "isRequired": true,
      "replaces": "{SubscriptionId}"
    },
    "AppDisplayName": {
      "type": "parameter",
      "description": "User friendly display name for the application.",
      "isRequired": true,
      "replaces": "{AppDisplayName}"
    },
    "AppName": {
      "type": "derived",
      "valueSource": "AppDisplayName",
      "valueTransform": "lower_safe_name",
      "replaces": "{AppName}"
    },
    "AppIdentifier": {
      "type": "parameter",
      "description": "Identifier for this application. Max length: 7",
      "isRequired": true,
      "replaces": "{AppIdentifier}"
    },
    "AppServicePlan": {
      "type": "parameter",
      "description": "Provide the App Service Plan name the App Service will be using.",
      "isRequired": true,
      "replaces": "{AppServicePlan}"
    },
    "DevelopersGroupId": {
      "type": "parameter",
      "description": "Group ID of Developers group (Azure AD) to use.",
      "replaces": "{DevelopersGroupId}",
      "datatype": "choice",
      "choices": [
        {
          "choice": "23285602-6c32-4008-b27d-ad64973c34a6",
          "description": "Fruitmasters Developers Group ID"
        },
        {
          "choice": "172c2955-99f0-40a6-abf0-9d62bef64ab3",
          "description": "A&A Developers Group ID"
        },
        {
          "choice": "\"\"",
          "description": "Don't set a group at all. (Fallback)"
        }
      ],
      "defaultValue": "\"\""
    },
    "EnableDevelopersGroupId": {
      "type": "computed",
      "value": "(DevelopersGroupId != \"\")"
    },
    "SwaggerUIClientId": {
      "type": "parameter",
      "description": "This parameter is used to set the Swagger UI Client ID (in Azure AD) for local development.",
      "replaces": "b5058851-b7e8-43fd-a622-82f40d2b899e",
      "datatype": "choice",
      "choices": [
        {
          "choice": "c21b6583-74f6-4818-8d8b-3a4df67275f7",
          "description": "Fruitmasters Swagger UI Client ID"
        },
        {
          "choice": "b5058851-b7e8-43fd-a622-82f40d2b899e",
          "description": "A&A Capacity Swagger UI Client ID"
        },
        {
          "choice": "''",
          "description": "Don't set SwaggerUIClientId at all (Fallback)"
        }
      ],
      "defaultValue": "''"
    },
    "ServiceBus": {
      "type": "parameter",
      "description": "If you need to use a Service Bus, please specify its namespace here.",
      "replaces": "{ServiceBus}",
      "defaultValue": ""
    },
    "EnableServiceBus": {
      "type": "computed",
      "value": "(ServiceBus != \"\")"
    },
    "EnableScheduler": {
      "type": "parameter",
      "description": "If you need a scheduler, please enable it here.",
      "datatype": "bool",
      "defaultValue": "false"
    },
    "SkipRestore": {
      "type": "parameter",
      "description": "If set, will skip 'dotnet restore' after setup.",
      "datatype": "bool",
      "defaultValue": "false"
    }
  },
  "postActions": [
    {
      "actionId": "3A7C4B45-1F5D-4A30-959A-51B88E82B5D2",
      "args": {
        "executable": "powershell",
        "args": "-File .\\Setup\\setup.ps1",
        "redirectStandardOutput": "false"
      },
      "description": "Automatically deploys Azure App Registration and Azure resources.",
      "manualInstructions": [{
        "text": "Deploy Azure resources necessary for application manually."
      }]
    },
    {
      "condition": "(SkipRestore != \"false\")",
      "description": "Restore NuGet packages required by this project.",
      "manualInstructions": [{
        "text": "Run 'dotnet restore'"
      }],
      "actionId": "210D431B-A78B-4D2F-B762-4ED3E3EA9025",
      "continueOnError": true
    }
  ]
}