{
  "$schema": "http://json.schemastore.org/template",
  "author": "Mukesh Murugan",
  "classifications": [ "Web", "Blazor", "WebAssembly", "WebApi", "CleanArchitecture" ],
  "name": "Blazor Hero - Clean Architecture Template",
  "description": "Clean Architecture Template for Blazor WebAssembly 5.0 built with MudBlazor Components.",
  "groupIdentity": "BlazorHero.CleanArchitecture",
  "identity": "BlazorHero.CleanArchitecture",
  "shortName": "BlazorHero.CleanArchitecture",
  "defaultName": "BlazorHero.CleanArchitecture",
  "tags": {
    "language": "C#",
    "type": "project"
  },
  "sourceName": "BlazorHero.CleanArchitecture",
  "preferNameDirectory": true,
  "guids": [
    "eef17fcf-9ece-4b08-90ab-bbafe2afa575"
  ],
  "primaryOutputs": [
    { "path": "BlazorHero.CleanArchitecture.sln" }
  ]
}
