{
    "$schema": "http://json.schemastore.org/template",
    "author": "Brian Starr",
    "classifications": [ "Web", "Botframework" ],
    "identity": "Botframework.Template.CSharp",
    "name": "Botframework4",
    "shortName": "bot",
    "symbols": {
      "namespace": {
        "type": "parameter",
        "replaces": "dotnetcorebot",
        "defaultValue": "dotnetcorebot"
      },
      "filePrefix": {
        "type": "parameter",
        "datatype": "string",
        "fileRename": "dotnetcorebot",
        "defaultValue": "dotnetcorebot"
      }
    }
  }