{
  "$schema": "http://json.schemastore.org/template",
  "author": "Simon Therrien",
  "classifications": [ "Web api" ], 
  "name": "Cocoondo MicroService",
  "identity": "Cocoondo.Sample.MicroService",         
  "groupIdentity":"Cocoondo.Sample",
  "shortName": "cocoondo-ms",
  "tags": {
    "language": "C#",
    "type":"project"
  },
  "sourceName": "Cocoondo.RestApi.Sample",
  "preferNameDirectory": true,
  "symbols":{
    "includeTest": {
        "type": "parameter",
        "datatype": "bool",
        "defaultValue": "true"
    },
	"shortName": {
		"type": "parameter",
		"replaces": "Sample",
		"description": "Project name after RestApi",
		"FileRename": "Sample",
		"dataType": "string",
		"required": true
	  },
	"shortNameLower":{
      "type": "generated",
      "generator": "casing",
      "parameters": {
        "source":"shortName",
        "toLower": true
      },
      "replaces":"sample"
    },
	"dbName": {
		"type": "parameter",
		"replaces": "DB_NAME",
		"description": "Database name.",
		"dataType": "string",
		"required": true
	  },	  
	"dbUser": {
		"type": "parameter",
		"replaces": "DB_USER",
		"description": "Change the default db user",
		"dataType": "string",
		"required": true
	  },
	"portNumber": {
		"type": "parameter",
		"replaces": "PORT",
		"description": "Base port number for kestrel",
		"dataType": "string",
		"required": true
	}
  },
  "sources":[{
    "modifiers": [{
      "condition": "(!includetest)",
      "exclude": [ "test/Cocoondo.RestApi.Sample.Test/**/*"]
      }
    ]
  }]
}