{
  "$schema": "http://json.schemastore.org/template",
  "author": "Arcus",
  "classifications": [
    "Worker",
    "Azure Service Bus",
    "Service Bus",
    "Message Processing",
    "Messaging",
    "Azure",
    "Queue"
  ],
  "name": "Arcus Service Bus Queue v0.6.0",
  "identity": "Arcus.Templates.ServiceBus.Queue",
  "shortName": "arcus-servicebus-queue",
  "sourceName": "Arcus.Templates.ServiceBus.Queue",
  "preferNameDirectory": true,
  "tags": {
    "language": "C#",
    "type": "project"
  },
  "sources": [
    {
      "exclude": [
        "**/[Bb]in/**",
        "**/[Oo]bj/**",
        ".template.config/**/*",
        "**/*.filelist",
        "**/*.user",
        "**/*.lock.json"
      ]
    }
  ],
  "symbols": {
    "AuthoringMode": {
      "type": "generated",
      "generator": "constant",
      "parameters": {
        "value": false
      }
    },
    "IfDebug": {
      "type": "generated",
      "generator": "constant",
      "parameters": {
        "value": "#if DEBUG"
      },
      "replaces": "//[#if DEBUG]"
    },
    "EndIf": {
      "type": "generated",
      "generator": "constant",
      "parameters": {
        "value": "#endif"
      },
      "replaces": "//[#endif]"
    },
    "ErrorDirective": {
      "type": "generated",
      "generator": "constant",
      "parameters": {
        "value": "#error"
      },
      "replaces": "//#error"
    },
    "exclude-serilog": {
      "type": "parameter",
      "datatype": "bool",
      "defaultValue": "false",
      "description": "Exclude the Serilog logging infrastructure in the worker project"
    },
    "ExcludeSerilog": {
      "type": "computed",
      "value": "exclude-serilog"
    }
  }
}