{
    "$schema": "http://json.schemastore.org/template",
    "author": "Daniel Uhlík, Icicle Works s.r.o.",
    "classifications": [
        "batfish",
        "app"
    ],
    "identity": "Batfish.Template.App",
    "name": "Batfish app template",
    "shortName": "batfish-app",
    "tags": {
        "language": "C#",
        "type": "project"
    },
    "sourceName": "$safeprojectname$",
    "sources": [
        {
            "modifiers": [
                {
                    "rename": {
                        ".gitlab-ci.template.yml": ".gitlab-ci.yml",
                        ".gitignore.template": ".gitignore"
                    }
                }
            ]
        }
    ]
}