{
  "author": "曹金燕",
  "classifications": [
    "ahph/netcore/system"
  ], //必须，这个对应模板的Tags
  "name": "AhphSystem", //必须，这个对应模板的Templates
  "identity": "AhphSystemTemplate31", //可选，模板的唯一名称
  "shortName": "ahph", //必须，这个对应模板的Short Name
  "tags": {
    "language": "C#",
    "type": "project"
  },
  "sourceName": "Template", // 可选，要替换的名字
  "preferNameDirectory": true, // 可选，添加目录  
  "symbols": {
    "sqlType": {
      "type": "parameter",
      "datatype": "choice",
      "choices": [
        {
          "choice": "MsSQL",
          "description": "MS SQL Server"
        },
        {
          "choice": "MySQL",
          "description": "MySQL"
        },
        {
          "choice": "PgSQL",
          "description": "PostgreSQL"
        },
        {
          "choice": "Oracle",
          "description": "Oracle"
        }
      ],
      "defaultValue": "MsSQL",
      "description": "默认使用MSSQL"
    },
    "MsSQL": {
      "type": "computed",
      "value": "(sqlType == \"MsSQL\")"
    },
    "MySQL": {
      "type": "computed",
      "value": "(sqlType == \"MySQL\")"
    },
    "PgSQL": {
      "type": "computed",
      "value": "(sqlType == \"PgSQL\")"
    },
    "Oracle": {
      "type": "computed",
      "value": "(sqlType == \"Oracle\")"
    }
  },
  "sources": [
    {
      "modifiers": [
        {
          "condition": "(MsSQL)", //条件，由EnableRequestLog参数决定
          "exclude": [ //排除下面的文件
            "Ahph.Template.EFCore.MySql/**",
            "Ahph.Template.EFCore.oracle/**",
            "Ahph.Template.EFCore.PgSql/**"
          ]
        },
        {
          "condition": "(MySQL)",
          "exclude": [
            "Ahph.Template.EFCore.SqlServer/**",
            "Ahph.Template.EFCore.oracle/**",
            "Ahph.Template.EFCore.PgSql/**"
          ]
        },
        {
          "condition": "(PgSQL)",
          "exclude": [
            "Ahph.Template.EFCore.SqlServer/**",
            "Ahph.Template.EFCore.oracle/**",
            "Ahph.Template.EFCore.MySql/**"
          ]
        },
        {
          "condition": "(Oracle)",
          "exclude": [
            "Ahph.Template.EFCore.SqlServer/**",
            "Ahph.Template.EFCore.PgSql/**",
            "Ahph.Template.EFCore.MySql/**"
          ]
        }
      ]
    }
  ]
}