{
  "author": "Marcus Griep",
  "classifications": [ "Web", "Arachnid" ],
  "name": "Arachnid",
  "tags": {
    "language": "F#",
    "type": "project"
  },
  "identity": "Arachnid.Template",
  "groupIdentity": "Arachnid",
  "shortName": "arachnid",
  "sourceName": "ArachnidTemplate",
  // This allows using the `-n` option to create a new directory
  "preferNameDirectory": true,
  "symbols": {
    "concurrency": {
      "type": "parameter",
      "datatype": "choice",
      "defaultValue": "async",
      "choices": [
        {
          "choice": "async",
          "description": "Use Async from FSharp.Core"
        },
        {
          "choice": "hopac",
          "description": "Use Job from Hopac"
        }
      ],
      "description": "Chooses the underlying concurrency construct"
    },
    "framework": {
      "type": "parameter",
      "datatype": "choice",
      "defaultValue": "suave",
      "choices": [
        {
          "choice": "suave",
          "description": "Use Suave"
        },
        {
          "choice": "kestrel",
          "description": "Use Kestrel from ASP.NET Core"
        }
      ],
      "description": "Chooses the underlying web I/O framework"
    },
    "serverGc": {
      "type": "parameter",
      "datatype": "bool",
      "defaultValue": "true",
      "description": "Use the server garbage collector"
    }
  },
  "sources": [
    {
      "modifiers": [
        {
          "condition": "(framework == \"suave\"",
          "exclude": "KestrelInterop.fs"
        }
      ]
    }
  ]
}
