{
    "$schema": "http://json.schemastore.org/template",
    "author": "Microsoft",
    "classifications": [
        "Common",
        "Code",
        "CodeVelocity"
    ],
    "identity": "CodeVelocity.Extension",
    "name": "Code Velocity extension",
    "shortName": "codevelocityextension",
    "tags": {
        "language": "C#",
        "type": "item"
    },
    "sourceName": "SampleLanguageDependentExtension",
    "symbols": {
        "extensionName": {
            "type": "generated",
            "generator": "casing",
            "parameters": {
                "source": "name",
                "toLower": true
            },
            "replaces": "samplelanguagedependentextension"
        },
        "slnFile": {
            "type": "computed",
            "value": "name",
            "replaces": "TemplateSln"
        }
    },
    "postActions": [
        {
            "description": "Add a sln file for the C# projects.",
            "manualInstructions": [
                {
                    "text": "Run 'dotnet new sln'"
                }
            ],
            "args": {
                "projectFiles": [
                    "src/CodeVelocity.SampleLanguageDependentExtension.Core/CodeVelocity.SampleLanguageDependentExtension.Core.csproj",
                    "src/CodeVelocity.SampleLanguageDependentExtension.Core.Tests/CodeVelocity.SampleLanguageDependentExtension.Core.Tests.csproj",
                    "src/CodeVelocity.SampleLanguageDependentExtension.Csharp/CodeVelocity.SampleLanguageDependentExtension.Csharp.csproj"
                ]
            },
            "actionId": "D396686C-DE0E-4DE6-906D-291CD29FC5DE"
        }
    ],
    "sources": [
        {
            "modifiers": [
                {
                    "exclude": [
                        "**/[Bb]in",
                        "**/[Oo]bj",
                        ".git/**",
                        "**/.idea/**",
                        "**/.vs/**",
                        ".template.config/**/*",
                        "**/*.filelist",
                        "**/*.user",
                        "**/*.lock.json",
                        "*.md",
                        ".github/workflows/publish_template_nuget.yml",
                        "CodeVelocity.Extensions.Template.csproj",
                        "CodeVelocity.SampleLanguageDependentExtension.sln",
                        "LICENSE"
                    ]
                }
            ]
        }
    ]
}
