{
    "$schema": "http://json.schemastore.org/template",
    "author": "Microsoft",
    "classifications": [
        "Common",
        "Code",
        "CodeVelocity"
    ],
    "identity": "CodeVelocity.Extension",
    "name": "Code Velocity extension",
    "shortName": "codevelocityextension",
    "tags": {
        "language": "C#",
        "type": "item"
    },
    "sourceName": "SampleLanguageDependentExtension",
    "symbols": {
        "extensionName": {
            "type": "generated",
            "generator": "casing",
            "parameters": {
                "source": "name",
                "toLower": true
            },
            "replaces": "samplelanguagedependentextension"
        }
    },
    "sources": [
        {
            "modifiers": [
                {
                    "exclude": [
                        "**/[Bb]in",
                        "**/[Oo]bj",
                        ".git/**",
                        "**/.idea/**",
                        "**/.vs/**",
                        ".template.config/**/*",
                        "**/*.filelist",
                        "**/*.user",
                        "**/*.lock.json",
                        "*.md",
                        ".github/workflows/publish_template_nuget.yml",
                        "CodeVelocity.Extensions.Template.csproj",
                        "CodeVelocity.SampleLanguageDependentExtension.sln",
                        "LICENSE"
                    ]
                }
            ]
        }
    ]
}
