{
	"$schema": "http://json.schemastore.org/template",
	"author": "Rick van Dam",
	"classifications": [ "Duality" ],
	"identity": "DualitySolutionTemplate",
	"name": "DualitySolutionTemplate",
	"shortName": "dualitySolution",
	"sourceName": "DualityGame",
	"tags": {
		"language": "C#"
	},
	"postActions": [
		{
			"actionId": "3A7C4B45-1F5D-4A30-959A-51B88E82B5D2",
			"args": {
				"executable": "dotnet",
				"args": "build"
			},
			"manualInstructions": [
				{
					"text": "Builds the solution using dotnet build'"
				}
			],
			"continueOnError": false,
			"description ": "runs the build"
		}
	]
}