{
  "DefaultProjectDescription": "Anymate Worker Process, based on the UiPath Robotic Enterprise Framework",
  "DefaultProjectName": "Anymate UiPath Worker",
  "Dependencies": {
    "Anymate.UiPath": "[1.0.1]",
    "UiPath.Excel.Activities": "[2.9.5]",
    "UiPath.Mail.Activities": "[1.9.5]",
    "UiPath.System.Activities": "[20.10.3]",
    "UiPath.UIAutomation.Activities": "[20.10.8]"
  },
  "Description": "Template for an Anymate Worker Process, based on the UiPath Robotic Enterprise Framework",
  "DisplayPriority": 0,
  "ExceptionHandlerWorkflow": null,
  "IconUri": "CustomProcessVBIcon",
  "IsBlank": false,
  "Label": "Process",
  "MainFile": "Main.xaml",
  "EntryPoints": [
    {
      "FilePath": "Main.xaml",
      "UniqueId": "c59d29eb-222e-4899-9172-787ab80144cc",
      "Input": [],
      "Output": []
    }
  ],
  "EntitiesStores": [],
  "Name": "Anymate.UiPath.Template.Worker",
  "NewTemplateTitle": null,
  "PrivateFiles": [],
  "OutputType": 0,
  "ProjectProfile": 0,
  "ExpressionLanguage": 0,
  "SupportsPersistence": false,
  "ModernBehavior": false,
  "RequiresUserInteraction": true,
  "AutoDispose": false,
  "FileInfoCollection": []
}