{
  "$schema": "http://json.schemastore.org/template",
  "author": "Casey Crouse",
  "classifications": [
    "Web",
    "Console",
    "AzureFunction",
    "EntityFramework"
  ],
  "name": "Clean Architecture Solution Template",
  "description": "Creates a flexible solution with EntityFrameworkCore based on Domain Driven Design using the Mediator and Clean Architecture patterns.",
  "identity": "CleanArchitecture.Solution.Template.Sql",
  "groupIdentity": "CleanArchitecture.Solution.Templates.Sql",
  "shortName": "ca-sln-sql",
  "tags": {
    "language": "C#",
    "type": "project",
    "runtime": "dotnet core",
    "runtime_version": "3",
    "patterns": ["Mediator", "DDD", "Clean Architecture"]
  },
  "sourceName": "_APP_NAME_",
  "preferNameDirectory": true,
  "symbols": {
    "port": {
      "type": "parameter",
      "datatype": "int",
      "isRequired": false,
      "description": "A non-secure port number. (e.g. 30365)"
    },
    "generated-port": {
      "type": "generated",
      "generator": "port"
    },
    "port-final": {
      "type": "generated",
      "generator": "coalesce",
      "parameters": {
        "sourceVariableName": "port",
        "fallbackVariableName": "generated-port"
      },
      "replaces": "_HTTP_PORT_",
      "fileRename": "_HTTP_PORT_"
    },
    "secure-port": {
      "type": "parameter",
      "datatype": "int",
      "isRequired": false,
      "description": "A secure port number. (e.g. 44395)"
    },
    "generated-secure-port": {
      "type": "generated",
      "generator": "port",
      "parameters": {
        "low": 44300,
        "high": 44399
      }
    },
    "secure-port-final": {
      "type": "generated",
      "generator": "coalesce",
      "parameters": {
        "sourceVariableName": "secure-port",
        "fallbackVariableName": "generated-secure-port"
      },
      "replaces": "_HTTPS_PORT_",
      "fileRename": "_HTTPS_PORT_"
    },
    "git-ignore": {
      "type": "parameter",
      "datatype": "text",
      "isRequired": false,
      "defaultValue": "",
      "description": "Do not provide this parameter. It ensures the .gitignore file is included with the correct name. For some unknown reason, files that do not have a prefix name such as .gitignore are not included in the content folder when the package is created. So the file has been named _GIT_IGNORE_.gitignore to ensure the file is included, but the prefix is replaced with an empty string.",
      "replaces": "_GIT_IGNORE_",
      "fileRename": "_GIT_IGNORE_"
    }
  }
}
