﻿{
    "$schema": "http://json.schemastore.org/template",
    "author": "sporta",
    "classifications": [],
    "description": "",
    "name": "Darwoft.Api",
    "defaultName": "Darwoft.Api",
    "identity": "Darwoft.Commons.CSharp",
    "groupIdentity": "Darwoft.Api.Commons",
    "tags": {
        "language": "C#",
        "type": "project",
        "vsmac-category": "netcore/app/aspnet"
    },
    "shortName": "Darwoft.Api",
    "sourceName": "Darwoft",
    "guids": [
        "{78604084-C7D3-4A91-A0FC-5A696553699D}",
        "{96D0E0E7-7C6D-44A7-AF1C-ED943FE76662}",
        "{5CA01FDF-1257-4341-99A8-306F8489C9A9}",
        "{8A5FB812-C788-43F8-AE01-D034034A6430}",
        "{5DE95A53-B478-427F-AB4C-84F2840023ED}",
        "{53B52AD3-F528-424C-BBCE-D764A2794689}"
    ],
    "sources": [
        {
            "modifiers": [
                {
                    "exclude": [
                        ".vs/**/*",
                        ".git/**/*",
                        "package/**/*",
                        "*.xml",
                        "_rels/**",
                        ".template.config/**",
                        "*.nuspec"
                    ]
                }
            ]
        }
    ],
    "primaryOutputs": [
        {
            "path": "Darwoft.Api/Darwoft.Api.csproj"
        },
        {
            "path": "Darwoft.Commons/Darwoft.Commons.csproj"
        },
        {
            "path": "Darwoft.Models/Darwoft.Models.csproj"
        },        
        {
            "path": "Darwoft.Repositories/Darwoft.Repositories.csproj"
        },
        {
            "path": "Darwoft.Services/Darwoft.Services.csproj"
        }
    ]
}