{
  "$schema": "http://json.schemastore.org/template",
  "author": "kdcllc",
  "classifications": [
    "Common",
    "Console",
    "Dependency Injection",
    "K8s"
  ],
  "identity": "Bet.Extension.Template.Console.DI.CSharp",
  "name": "Console Application with Dependency Injection (extended)",
  "shortName": "Console.Di",
  "tags": {
    "language": "C#",
    "type": "project"
  },
  "sourceName": "Console.Di",
  "preferNameDirectory": true,
  "guids": [
    "57300c3f-a09b-47d2-ba4e-277bc892258b"
  ],
  "primaryOutputs": [
    {
      "path": "Console.Di.csproj"
    }
  ],
  "symbols": {
    "azureVaultName": {
      "type": "parameter",
      "defaultValue": "https://(vaultname).vault.azure.net/",
      "replaces": "(vaultname)"
    },
    "usid01": {
      "type": "generated",
      "generator": "guid",
      "replaces": "usid",
      "parameters": {
        "format": "D"
      }
    },
    "skipRestore": {
      "type": "parameter",
      "datatype": "bool",
      "description": "If specified, skips the automatic restore of the project on create.",
      "defaultValue": "false"
    }
  },
  "postActions": [
    {
      "condition": "(!skipRestore)",
      "description": "Restore NuGet packages required by this project.",
      "manualInstructions": [
        {
          "text": "Run 'dotnet restore'"
        }
      ],
      "actionId": "210D431B-A78B-4D2F-B762-4ED3E3EA9025",
      "continueOnError": true
    }
  ],
  "sources": [
    {
      "exclude": [
        ".vs/**/*",
        ".vscode/**/*",
        "**/[Bb]in/**",
        "**/[Oo]bj/**",
        ".template.config/**/*",
        "**/*.filelist",
        "**/*.user",
        "**/*.lock.json"
      ]
    }
  ]
}