{
    "$schema": "http://json.schemastore.org/template",
    "author": "Jaxel Rojas",
    "classifications": [
        "Carter",
        "Webservice"
    ],
    "name": "Carter Webservice Project",
    "identity": "CarterService",
    "shortName": "carterws",
    "tags": {
        "language": "C#"
    },
    "sourceName": "CarterService",
    "preferNameDirectory": true,
    "symbols":{
        "skipRestore": {
              "type": "parameter",
              "datatype": "bool",
              "description": "If specified, skips the automatic restore of the project on create.",
              "defaultValue": "false"
        },
        "includetest": {
              "type": "parameter",
              "datatype": "bool",
              "defaultValue": "true"
        }
      },
      "postActions": [
        {
          "condition": "(!skipRestore)",
          "description": "Restore NuGet packages required by this project.",
          "manualInstructions": [
            { "text": "Run 'dotnet restore'" }
          ],
          "actionId": "210D431B-A78B-4D2F-B762-4ED3E3EA9025",
          "continueOnError": true
    }],
    "sources":[{
      "modifiers": [{
        "condition": "(!includetest)",
        "exclude": [ "tests/**/*"]
        }
      ]
    }],
    "primaryOutputs": [
      { "path": "CarterService.sln" }
    ]
}
