{
  "$schema": "http://json.schemastore.org/vs-2017.3.host",
  "order": 0,
  "learnMoreLink": "https://github.com/BUTR/Bannerlord.Module.Template/blob/master/README.md",
  "icon": "icon.png",
  "symbolInfo": [
    {
      "id": "Framework",
      "isVisible": true,
      "defaultValue": "net472"
    },
    {
      "id": "gameFolder",
      "name": {
        "text": "Bannerlord Game Folder Location"
      },
      "isVisible": true
    },
    {
      "id": "moduleName",
      "name": {
        "text": "Module Name"
      },
      "isVisible": true
    },
    {
      "id": "Install-Harmony",
      //"name": {
      //  "text": "Install Harmony"
      //},
      "isVisible": true
    },
    {
      "id": "Install-ButterLib",
      //"name": {
      //  "text": "Install ButterLib"
      //},
      "isVisible": true
    },
    {
      "id": "Install-UIExtenderEx",
      //"name": {
      //  "text": "Install UIExtenderEx"
      //},
      "isVisible": true
    },
    {
      "id": "Install-MCM",
      //"name": {
      //  "text": "Install Mod Configuration Menu (MCM)"
      //},
      "isVisible": true
    },
    {
      "id": "langVersion",
      "name": {
        "text": "Language Version"
      },
      "isVisible": true
    },
    {
      "id": "nullable",
      "name": {
        "text": "Use Nullable Feature"
      },
      "isVisible": true
    }
  ]
}
