﻿{
  "$schema": "http://json.schemastore.org/template",
  "author": "Zhuhai Coder .LTD",
  "classifications": [ "C#", "webapi", "asp.net core" ],
  "identity": "coder.webapi",
  "name": "Coder.Domain.Template",
  "shortName": "CoderDomain",
  "sourceName": "WebApiTemplate",
  "tags": {
    "language": "C#",
    "type": "Web"
  },
  "preferNameDirectory": true,
  "symbols": {

    "port": {
      "type": "generated",
      "generator": "random",
      "parameters": {
        "low": 20000,
        "high": 65535
      },
      "replaces": "65535"
    }

  }
}
