{
    "author": "Vishnu Sankar",
    "classifications": [ "Web", "MVC", "SPA" ],
    "name": "CoreTemplate => AspNetCore template for 'create-react-native-app' with 'react-native-web'",
    "shortName": "ct-create-react-native-app",
    "identity": "CoreTemplates.SPA.CreateReactNativeApp",
    "groupIdentity" : "CoreTemplates.SPA.CreateReactNativeApp",
    "tags": {
        "language": "C#",
        "type": "project"
    },
    "sourceName":"CoreTemplates.SPA.CreateReactNativeApp",
    "preferNameDirectory": "true",
    "primaryOutputs": [ { "path": "CoreTemplates.SPA.CreateReactNativeApp.csproj" } ]
}