{
    "$schema": "http://json.schemastore.org/template",
    "author": "Jaxel Rojas",
    "classifications": [
        "Console"
    ],
    "name": ".Net Core Custom Console Application",
    "identity": "Cnsola",
    "shortName": "cnsola",
    "tags": {
        "language": "C#"
    },
    "sourceName": "Cnsola",
    "preferNameDirectory": true,
    "symbols":{
        "skipRestore": {
              "type": "parameter",
              "datatype": "bool",
              "description": "If specified, skips the automatic restore of the project on create.",
              "defaultValue": "false"
        }
      },
      "postActions": [
        {
          "condition": "(!skipRestore)",
          "description": "Restore NuGet packages required by this project.",
          "manualInstructions": [
            { "text": "Run 'dotnet restore'" }
          ],
          "actionId": "210D431B-A78B-4D2F-B762-4ED3E3EA9025",
          "continueOnError": true
    }],
    "primaryOutputs": [
        { "path": "Cnsola.csproj" }
    ]
}
