{
	"$schema": "http://json.schemastore.org/template",
	"author": "Highlander Paiva",
	"classifications": [ "Web", "WebAPI", "SPA" ],
	"groupIdentity": "AspDotnetVueJs",
	"identity": "AspDotnetVueJs",
	"name": "ASP.NET Core with VueJs",
	"preferNameDirectory": true,
	"primaryOutputs": [
		{
			"path": "AspDotnetVueJs.csproj"
		}
	],
	"shortName": "vue",
	"sourceName": "AspDotnetVueJs",
	"sources": [
		{
			"source": "./",
			"target": "./",
			"exclude": [
				".template.config/**"
			],
			"modifiers": [
				{
					"condition": "(TargetFrameworkOverride == '')",
					"exclude": [
						"app.config"
					]
				},
				{
					"condition": "(ExcludeLaunchSettings)",
					"exclude": [
						"Properties/launchSettings.json"
					]
				}
			]
		}
	],
	"symbols": {
		"ExcludeLaunchSettings": {
			"type": "parameter",
			"datatype": "bool",
			"defaultValue": "false",
			"description": "Whether to exclude launchSettings.json from the generated template."
		},
		"HttpPort": {
			"type": "parameter",
			"datatype": "integer",
			"description": "Port number to use for the HTTP endpoint in launchSettings.json."
		},
		"HttpPortGenerated": {
			"type": "generated",
			"generator": "port"
		},
		"HttpPortReplacer": {
			"type": "generated",
			"generator": "coalesce",
			"parameters": {
				"sourceVariableName": "HttpPort",
				"fallbackVariableName": "HttpPortGenerated"
			},
			"replaces": "8080"
		},
		"HttpsPort": {
			"type": "parameter",
			"datatype": "integer",
			"description": "Port number to use for the HTTPS endpoint in launchSettings.json. This option is only applicable when the parameter no-https is not used (no-https will be ignored if either IndividualAuth or OrganizationalAuth is used)."
		},
		"HttpsPortGenerated": {
			"type": "generated",
			"generator": "port",
			"parameters": {
				"low": 44300,
				"high": 44399
			}
		},
		"HttpsPortReplacer": {
			"type": "generated",
			"generator": "coalesce",
			"parameters": {
				"sourceVariableName": "HttpsPort",
				"fallbackVariableName": "HttpsPortGenerated"
			},
			"replaces": "44300"
		},
		"TargetFrameworkOverride": {
			"type": "parameter",
			"description": "Overrides the target framework",
			"replaces": "TargetFrameworkOverride",
			"datatype": "string",
			"defaultValue": ""
		},
		"Framework": {
			"type": "parameter",
			"description": "The target framework for the project.",
			"datatype": "choice",
			"choices": [
				{
					"choice": "netcoreapp2.2",
					"description": "Target netcoreapp2.2"
				}
			],
			"replaces": "netcoreapp2.2",
			"defaultValue": "netcoreapp2.2"
		},
		"HostIdentifier": {
			"type": "bind",
			"binding": "HostIdentifier"
		},
		"skipRestore": {
			"type": "parameter",
			"datatype": "bool",
			"description": "If specified, skips the automatic restore of the project on create.",
			"defaultValue": "false"
		},
		"NoHttps": {
			"type": "parameter",
			"datatype": "bool",
			"defaultValue": "false",
			"description": "Whether to turn off HTTPS. This option only applies if Individual, IndividualB2C, SingleOrg, or MultiOrg aren't used for --auth."
		}
	},
	"tags": {
		"language": "C#",
		"type": "project"
	},


	"precedence": 100,
	"guids": [
		"6B3E8EE8-92E3-41CE-A356-A5F880EEA367"
	],
	"postActions": [
		{
			"condition": "(!skipRestore)",
			"description": "Restore NuGet packages required by this project.",
			"manualInstructions": [
				{
					"text": "Run 'dotnet restore'"
				}
			],
			"actionId": "210D431B-A78B-4D2F-B762-4ED3E3EA9025",
			"continueOnError": true
		}
	]
}
