{
    "author": "AvaloniaUI",
    "classifications": [ "ui", "xaml", "avalonia", "avaloniaui"  ],
    "description": "An Avalonia UI UserControl",
    "name": "Avalonia UserControl",
    "identity": "Avalonia.UserControl",
    "shortName": "avalonia.usercontrol",
    "tags": {
        "language": "C#",
        "type" : "item"
    },
    "sourceName": "NewUserControl",
    "primaryOutputs": [ 
        { "path": "NewUserControl.xaml.cs" }, 
        { "path": "NewUserControl.xaml" } 
    ],
    "defaultName": "UserControl",
    "symbols": {
        "namespace": {
            "description": "Namespace for the generated code",
            "replaces": "AvaloniaAppTemplate.Namespace",
            "type": "parameter"
        }
    }
}