{
  "$schema": "http://json.schemastore.org/template",
  "author": "Mukesh Murugan",
  "classifications": [
    "Web",
	"MVC",
    "WebAPI",
	"CleanArchitecture",
    "Solution"
  ],
  "name": "ASP.NET Core Hero - Boilerplate",
  "description": "Clean Architecture Solution Template for ASP.NET Core 5.0. Built with Onion/Hexagonal Architecture and incorporates the most essential Packages your projects will ever need.",
  "groupIdentity": "AspNetCoreHero.Boilerplate",
  "identity": "AspNetCoreHero.Boilerplate",
  "shortName": "aspnetcorehero.boilerplate",
  "defaultName": "Boilerplate",
  "tags": {
    "language": "C#",
    "type": "project"
  },
  "sourceName": "AspNetCoreHero.Boilerplate",
  "preferNameDirectory": true,
  "guids": [
    "71cd1ea9-38c6-417d-bc80-1a7528302059"
  ],
  "primaryOutputs": [
    { "path": "AspNetCoreHero.Boilerplate.sln" }
  ]
}
