{
  "$schema": "http://json.schemastore.org/template",
  "author": "https://github.com/chrisfcarroll",
  "classifications": [ "Common", "Console", "ClassLibrary" ],
  "identity": "consoleable.1",
  "name": "Consoleable Component",
  "shortName": "consoleable",
  "tags": {
    "language": "C#",
    "type": "project"
  },
  "sourceName": "Consoleable",
  "preferNameDirectory": true,
  "symbols":{
    "xunit": {
      "type": "parameter",
      "datatype": "bool",
      "defaultValue": "false"
    },
    "nunit": {
      "type": "parameter",
      "datatype": "bool",
      "defaultValue": "false"
    },
    "testbase": {
      "type": "parameter",
      "datatype": "bool",
      "defaultValue": "false"
    },
    "serilog": {
      "type": "parameter",
      "datatype": "bool",
      "defaultValue": "false"
    },
    "sln": {
      "type": "parameter",
      "datatype": "bool",
      "defaultValue": "false"
    }
  },
  "sources":[{
    "modifiers": [{
      "condition": "(!xunit)",
      "exclude": [ "Consoleable.Test/**/*"]
    },
    {
      "condition": "(!nunit)",
      "exclude": [ "Consoleable.Tests/**/*"]
    },
    {
      "condition": "(testbase)",
      "exclude": [ "Consoleable.Test*/Shoulds.cs"]
    },
    {
      "condition": "(!sln)",
      "exclude": [ "Consoleable.sln"]
    },
    {
      "condition": "(!serilog)",
      "exclude": [ "Consoleable/SelfHosted/UseSerilog.cs"]
    }
    ]
  }],
  "SpecialCustomOperations": {
    "**/Consoleable.Spec*.csproj": {
      "operations": [
        {
          "type": "conditional",
          "configuration": {
            "actionableIf": [ "<!--#if" ],
            "actionableElse": [ "#else", "<!--#else" ],
            "actionableElseif": [ "#elseif", "<!--#elseif" ],
            "endif": [ "#endif", "<!--#endif" ],
            "trim" : "true",
            "wholeLine": "true",
          }
        }
      ]
    },
    "Consoleable.sln": {
      "operations": [
        {
          "type": "conditional",
          "configuration": {
            "if": ["#if"],
            "else": ["#else"],
            "elseif": ["#elseif", "#elif"],
            "endif": ["#endif"],
            "trim" : "true",
            "wholeLine": "true",
          }
        }
      ]
    }   
  }
}
