{
  "author": "Mariusz Kotas",
  "identity": "Alza.Konzole.Templates.Microservice.Simple",
  "groupIdentity": "Alza.Konzole.Templates",
  "classifications": [ "Solution" ],
  "description": "Alza Konzole template for the new simple microservice (just CRUD, without any domain/business logic)",
  "name": "Konzole simple microservice",
  "defaultName": "MyNewManagement",
  "tags": {
    "language": "C#"
  },
  "shortName": "konzole-service-simple",
  "sourceName": "ServiceTemplate",
  "preferNameDirectory": true,
  "guids": [
    "87994956-720F-46CF-A5B4-B4EB73DC4CB4",
    "C5A0C8F2-551A-43B4-8501-1D1E174CFB63",
    "8C56B1B3-C465-45B8-A8B9-6FF2BA8D4309",
    "CF3CE3D7-DBCC-4407-9405-589C24F5E604",
    "3821F489-5264-421A-A874-A08442CB8DB8"
  ],
  "sources": [
    {
      "source": "./",
      "target": "./",
      "exclude": [

        ".git/**",
        ".vs/**",

        "**/[Bb]in/**",
        "**/[Oo]bj/**",
        ".template.config/**/*",
        "**/*.filelist",
        "**/*.user",
        "**/*.lock.json"
      ]
    }
  ],
  "symbols": {
    "restore": {
      "type": "parameter",
      "datatype": "bool",
      "description": "Restore NuGet packages required by this project. Our repository: http://konzole2:5033",
      "defaultValue": "false"
    },
    "serverPort": {
      "type": "generated",
      "generator": "random",
      "parameters": {
        "low": 5051,
        "high": 5200
      },
      "replaces": "5000"
    },
    "deployName": {
			"type": "generated",
			"generator": "casing",
			"parameters": {
				"source":"name",
				"toLower": true
			},
			"replaces":"deployName"
		}
  },
  "postActions": [
    {
      "condition": "(restore)",
      "description": "Restore NuGet packages required by this project. Our repository: http://konzole2:5033",
      "manualInstructions": [
        { "text": "Run 'dotnet restore'" }
      ],
      "actionId": "210D431B-A78B-4D2F-B762-4ED3E3EA9025",
      "continueOnError": true
    }
  ]
}