{
  "$schema": "http://json.schemastore.org/template",
  "author": "Aardvark Platform Team",
  "classifications": [ "Aardvark" ], 
  "name": "Aardvark.UI Application",
  "identity": "Aardvark.Template.UI.FSharp",         
  "groupIdentity": "Aardvark.Template.UI",
  "shortName": "aardvark.ui",
  "tags": {
    "language": "F#",
    "type": "project"
  },
  "sourceName": "Aardvark.Template.UI",
  "preferNameDirectory": true,
  "symbols": {
    "backend": {
      "type": "parameter",
      "datatype": "choice",
      "defaultValue": "opengl",
      "choices": [
        {
          "choice": "opengl"
        },
        {
          "choice": "vulkan"
        }
      ],
      "description": "Graphical API will be used for rendering your application"
    }
  },
  "sources": [
    {
      "exclude": [ "OpenGL/**", "Vulkan/**", ".template.config/**/*"],
      "modifiers":[
        {
          "include": "OpenGL/**",
          "exclude": [
            "OpenGL/[Bb]in/**",
            "OpenGL/[Oo]bj/**",
            "OpenGL/.domaincache",
            "OpenGL/*.g.fs"
          ],
          "condition": "(backend == \"opengl\")",
          "rename": {"OpenGL/Aardvark.Template.UI.OpenGL.fsproj": "Aardvark.Template.UI.fsproj",
            "OpenGL/Program.fs": "Program.fs",
            "OpenGL/App.fs": "App.fs",
            "OpenGL/Model.fs": "Model.fs"}
        },
        {
          "include": "Vulkan/**",
          "exclude": [
            "Vulkan/[Bb]in/**",
            "Vulkan/[Oo]bj/**",
            "Vulkan/.domaincache",
            "Vulkan/*.g.fs"
          ],
          "condition": "(backend == \"vulkan\")",
          "rename": {"Vulkan/Aardvark.Template.UI.Vulkan.fsproj": "Aardvark.Template.UI.fsproj",
            "Vulkan/Program.fs": "Program.fs",
            "Vulkan/App.fs": "App.fs",
            "Vulkan/Model.fs": "Model.fs"}
        }
      ]
    }
  ]
}