{
  "name": "Xperience Blog",
  "identity": "BizStream.Xperience.BlogTemplate",
  "groupIdentity": "BizStream.Templates",
  "shortName": "xperience-blog",
  "author": "BizStream",
  "classifications": [
    "Web",
    "MVC",
    "Solution",
    "Custom Templates",
    "Xperience"
  ],
  "tags": {
    "language": "C#"
  },
  "sourceName": "BlogTemplate",
  "sources": [
    {
      "modifiers": [
        {
          "exclude": [
            "**/.git/**",
            "**/.vs/**",
            "**/.vscode/**",
            "**/client-ui/dist/**",
            "**/node_modules/**",
            "packages/**",
            "Lib/**",
            "src/Mvc/Mvc/appsettings.Development.json"
          ]
        }
      ]
    }
  ],
  "postActions": [
    {
      "actionId": "3A7C4B45-1F5D-4A30-959A-51B88E82B5D2",
      "args": {
        "executable": "powershell",
        "args": "tools/create-object-archive.ps1"
      },
      "manualInstructions": [
        {
          "text": "Run 'tools/create-object-archive.ps1'"
        }
      ],
      "continueOnError": false,
      "description ": "Creates an Object Archive for importing Object Types into Kentico."
    }
  ]
}