{
  "$schema": "http://json.schemastore.org/template",
  "author": "Tiqri Amx",
  "classifications": [
    "Console"
  ],
  "name": "AESA CLI Console",
  "description": "AESA console application.",  
  "identity": "aesa.cli.console",
  "shortName": "aesa-cli-console",
  "defaultName": "AESAConsole1",
  "tags": {
    "language": "C#",
    "type": "project"
  },
  "sourceName": "AESAConsole",
  "preferNameDirectory": true,
  "guids": [
    "113f2d04-69f0-40c3-8797-ba3f356dd812"
  ],
  "primaryOutputs": [
    { "path": "AESAConsole.sln" }
  ]
}