{
    "author": "AvaloniaUI",
    "classifications": [ "ui", "xaml", "avalonia", "avaloniaui"  ],
    "description": "An Avalonia UI Resource Dictionary XAML file",
    "name": "Avalonia Resource Dictionary",
    "identity": "Avalonia.ResourceDictionary",
    "shortName": "avalonia.resource",
    "tags": {
        "type" : "item"
    },
    "sourceName": "NewResourceDictionary",
    "primaryOutputs": [
        { "path": "NewResourceDictionary.xaml" }
    ],
    "defaultName": "ResourceDictionary"
}
