{
  "author": "Ken Domino",
  "classifications": [ "Common/Console" ],
  "name": "Antlr4 Console App",
  "identity": "AntlrConsole", // Unique name for this template
  "shortName": "antlr", // Short name that can be used on the cli
  "tags": {
    "language": "C#" // Specify that this template is in C#.
  },
  "sourceName": "TemplateNamespace",
  "preferNameDirectory": "true",
  "symbols": {
    "package": {
      "type": "parameter",
      "replaces": "TemplateNamespace"
    }
  }
}
