{
    "author": "Vishnu Sankar",
    "classifications": [ "Web", "MVC"],
    "name": "CoreTemplate => AspNetCore template for AspIdentity using MongoDB",
    "shortName": "ct-mongo-asp",
    "identity": "CoreTemplates.Mongo.AspIdentity",
    "groupIdentity" : "CoreTemplates.Mongo.AspIdentity",
    "tags": {
        "language": "C#",
        "type": "project"
    },
    "sourceName":"CoreTemplates.Mongo.AspIdentity",
    "preferNameDirectory": "true",
    "primaryOutputs": [ { "path": "CoreTemplates.Mongo.AspIdentity.csproj" } ]
}