{
  "$schema": "http://json.schemastore.org/template",
  "author": "Tiqri Amx",
  "classifications": [
    "Web"
  ],
  "name": "AESA Web API",
  "description": "A layered solution for the aesa projects.",  
  "identity": "aesa.web.api",
  "shortName": "aesa-web-api",
  "defaultName": "AESAWebApiSolution1",
  "tags": {
    "language": "C#",
    "type": "project"
  },
  "sourceName": "AESAWebApiSolution",
  "preferNameDirectory": true,
  "guids": [
    "113f2d04-69f0-40c3-8797-ba3f356dd812"
  ],
  "primaryOutputs": [
    { "path": "AESAWebApiSolution.sln" }
  ],
  "symbols": {
    "healthCheck": {
      "type": "parameter",
      "datatype": "bool",
      "description": "Health Check",
      "defaultValue": "true"
    },
    "corsEnabled": {
      "type": "parameter",
      "datatype": "bool",
      "description": "Cors",
      "defaultValue": "true"
    }
  }
}