{
    "$schema": "http://json.schemastore.org/template",
    "author": "Dapplo",
    "classifications": [ "Common", "WPF" ],
    "identity": "Dapplo.Microsoft.Extensions.Hosting.CaliburnMicro.Template.CSharp",
    "name": "CaliburnMicro WPF application on generic host",
    "shortName": "caliburnmicrohost",
    "tags": {
        "language": "C#"
    },
    "sourceName": "Dapplo.Microsoft.Extensions.Hosting.CaliburnMicro.Template",
    "symbols":{
        "applicationmutex":{
            "type": "generated",
            "generator": "guid",
            "replaces": "application.mutex",
            "parameters": {
              "format":"D"
            }
        },
        "EnableMetro":{
            "type": "parameter",
            "dataType":"bool",
            "defaultValue": "true"
        },
        "EnableMutex":{
            "type": "parameter",
            "dataType":"bool",
            "defaultValue": "true"
        }
    }
}
