﻿{
  "$schema": "http://json.schemastore.org/template",
  "author": "Arcus",
  "classifications": [
    "Azure Functions",
    "Data Analytics",
    "Observability",
    "Databricks",
    "Serverless",
    "Azure",
    "Metrics"
  ],
  "name": "Arcus Azure Functions Databricks v0.6.0",
  "identity": "Arcus.Templates.AzureFunctions.Databricks.JobMetrics",
  "shortName": "arcus-az-databricks-jobmetrics",
  "sourceName": "Arcus.Templates.AzureFunctions.Databricks.JobMetrics",
  "preferNameDirectory": true,
  "tags": {
    "language": "C#",
    "type": "project"
  },
  "sources": [
    {
      "exclude": [
        "**/[Bb]in/**",
        "**/[Oo]bj/**",
        ".template.config/**/*",
        "**/*.filelist",
        "**/*.user",
        "**/*.lock.json"
      ]
    }
  ],
  "symbols": {
    "AuthoringMode": {
      "type": "generated",
      "generator": "constant",
      "parameters": {
        "value": false
      }
    },
    "IfDebug": {
      "type": "generated",
      "generator": "constant",
      "parameters": {
        "value": "#if DEBUG"
      },
      "replaces": "//[#if DEBUG]"
    },
    "EndIf": {
      "type": "generated",
      "generator": "constant",
      "parameters": {
        "value": "#endif"
      },
      "replaces": "//[#endif]"
    }
  },
  "postActions": [
    {
      "description": "Adding Reference to Microsoft.NET.Sdk.Functions Nuget package",
      "actionId": "B17581D1-C5C9-4489-8F0A-004BE667B814",
      "continueOnError": false,
      "manualInstructions": [
        {
          "text": "Manually add the reference to Microsoft.NET.Sdk.Functions to your project file"
        }
      ],
      "args": {
        "referenceType": "package",
        "reference": "Microsoft.NET.Sdk.Functions",
        "version": "3.0.9",
        "projectFileExtensions": ".csproj"
      }
    }
  ]
}