{
    "$schema": "http://json.schemastore.org/template",//template.json 文件的 JSON 架构，可以不要该键值对
    "author": "poseur", //必填！模板创建者
    "classifications": [ "Web/WebAPI" ], //必填，这个对应模板的Tags，其他的比如 [ "Common", "Console" ],
    "name": "Coldairarrow Template", //必填，这个是模板名，比如ASP.NET Core Web API
    "identity": "Coldairarrow.Template", //可选，模板的唯一名称
    "shortName": "CT", //必填，这个对应模板的短名称，比如webapi
    "tags": {
      "language": "C#" ,
      "type":"project"
    },
    "sourceName": "Coldairarrow",  
    "preferNameDirectory": true,  // 可选，添加目录  
    "symbols":{
      "IdHelperNameSpace": {
        "type": "parameter",
        "replaces": "{IdHelperNameSpace}",
        "defaultValue": "using Coldairarrow.Util;" 
      }
    }
}