{
  "$schema": "http://json.schemastore.org/template",
  "author": "Arcus",
  "classifications": [
    "WebAPI",
    "API",
    "BoilerPlate"
  ],
  "name": "Arcus WebAPI v0.4.0",
  "identity": "Arcus.Templates.WebApi",
  "shortName": "arcus-webapi",
  "sourceName": "Arcus.Templates.WebApi",
  "preferNameDirectory": true,
  "tags": {
    "language": "C#",
    "type": "project"
  },
  "sources": [
    {
      "exclude": [
        "**/[Bb]in/**",
        "**/[Oo]bj/**",
        ".template.config/**/*",
        "**/*.filelist",
        "**/*.user",
        "**/*.lock.json",
        "*Open-Api.xml"
      ],
      "modifiers": [
        {
          "condition": "!(AppSettings)",
          "exclude": [
            "appsettings*.json"
          ]
        }
      ]
    }
  ],
  "symbols": {
    "AuthoringMode": {
      "type": "generated",
      "generator": "constant",
      "parameters": {
        "value": false
      }
    },
    "IfDebug": {
      "type": "generated",
      "generator": "constant",
      "parameters": {
        "value": "#if DEBUG"
      },
      "replaces": "//[#if DEBUG]"
    },
    "EndIf": {
      "type": "generated",
      "generator": "constant",
      "parameters": {
        "value": "#endif"
      },
      "replaces": "//[#endif]"
    },
    "authentication": {
      "type": "parameter",
      "datatype": "choice",
      "choices": [
        {
          "choice": "SharedAccessKey",
          "description": "Adds a shared access key authentication mechanism to the web API project"
        },
        {
          "choice": "Certificate",
          "description": "Adds a client certificate authentication mechanism to the web API project"
        },
        {
          "choice": "JWT",
          "description": "Adds a JWT (JSON web token) authentication mechanism to the web API project"
        },
        {
          "choice": "None",
          "description": "No authentication mechanism is added to the web API project"
        }
      ],
      "defaultValue": "None",
      "description": "Choose whether to use an authentication mechanism and which authentication to use"
    },
    "NoneAuth": {
      "type": "computed",
      "value": "(authentication == \"None\")"
    },
    "Auth": {
      "type": "computed",
      "value": "(authentication != \"None\")"
    },
    "SharedAccessKeyAuth": {
      "type": "computed",
      "value": "(authentication == \"SharedAccessKey\")"
    },
    "CertificateAuth": {
      "type": "computed",
      "value": "(authentication == \"Certificate\")"
    },
    "JwtAuth": {
      "type": "computed",
      "value": "(authentication == \"JWT\")"
    },
    "AppSettings": {
      "type": "computed",
      "value": "include-appsettings || CertificateAuth || Serilog || JwtAuth"
    },
    "include-appsettings": {
      "type": "parameter",
      "datatype": "bool",
      "defaultValue": "false",
      "description": "Include a 'appsettings.json' file to the web API project"
    },
    "exclude-correlation": {
      "type": "parameter",
      "datatype": "bool",
      "defaultValue": "false",
      "description": "Exclude the capability to correlate between HTTP requests/responses from the API project"
    },
    "ExcludeCorrelation": {
      "type": "computed",
      "value": "exclude-correlation"
    },
    "exclude-openApi": {
      "type": "parameter",
      "datatype": "bool",
      "defaultValue": "false",
      "description": "Exclude the OpenApi docs, UI generation from XML docs from the web API project"
    },
    "ExcludeOpenApi": {
      "type": "computed",
      "value": "exclude-openApi"
    },
    "logging": {
      "type": "parameter",
      "datatype": "choice",
      "choices": [
        {
          "choice": "Serilog",
          "description": "Adds Serilog as logging mechanism with request logging to the web API project"
        },
        {
          "choice": "Console",
          "description": "No extra logging mechanism except for the default console logging will be added to the web API project"
        }
      ],
      "defaultValue": "Serilog",
      "description": "Choose whether to use the default console logging or a third-party logging mechanism"
    },
    "Console": {
      "type": "computed",
      "value": "(logging == \"Console\")"
    },
    "Serilog": {
      "type": "computed",
      "value": "(logging == \"Serilog\")"
    }
  }
}