{
  "$schema": "http://json.schemastore.org/template",
  "author": "Dalion",
  "classifications": [ "Dalion", "Web", "App" ],
  "identity": "Dalion.WebApp",
  "name": "Dalion Web App",
  "shortName": "dalionwebapp",
  "sourceName": "WebAppTemplate",
  "sources": [
    {
      "modifiers": [
        {
          "exclude": [
            "**/.vs/**",
            "**/[Bb]in/**",
            "**/[Oo]bj/**",
            ".template.config/**/*",
            "**/*.filelist",
            "**/*.user",
            "**/*.lock.json",
            "**/node_modules/**/*"
          ]
        }
      ]
    }
  ],
  "symbols": {
    "company": {
      "type": "parameter",
      "datatype": "string",
	  "isRequired": "true",
      "replaces": "Dalion"
    },   
	"domain": {
      "type": "parameter",
      "datatype": "string",
	  "isRequired": "true",
      "replaces": "dalion.eu"
    },
    "sourceNameLower": {
      "type": "generated",
      "generator": "casing",
      "parameters": {
        "source": "name",
        "toLower": true
      },
      "replaces": "dalion"
    },
    "sourceNameLower": {
      "type": "generated",
      "generator": "casing",
      "parameters": {
        "source": "name",
        "toLower": true
      },
      "replaces": "webapptemplate"
    }
  }
}